x,y,raw_flux,Green,V_mag
57.02698333466314,2.3089374348514284,3476.012069903104,13.883653490634407,13.932803490634406
229.26955893553358,1.0254573551247228,154112.881564092,9.766759328006437,9.815909328006436
261.5422361392467,0.6344195712605811,3465.086297026664,13.88707154246052,13.936221542460519
425.18905759200993,0.48466479843320504,2272.766357703761,14.344969699677518,14.394119699677518
443.6264781548598,0.6363054979456847,2170.3495161191595,14.395032482952576,14.444182482952575
487.139312364741,0.4003868977961925,624.4920593875421,15.74753937874339,15.79668937874339
792.1892170661542,1.6847462839322158,3259.3808012341046,13.953518922405818,14.002668922405817
984.6624098328759,0.4589800249310891,525.0354049859951,15.93588520413136,15.985035204131359
4.87800806065765,3.0906815059087935,459.2579918328284,16.08121487395275,16.13036487395275
407.19545631974813,4.277489178294399,1717.2936003146247,14.649245301435705,14.698395301435704
580.2676497174692,4.284373366902248,958.5534597567055,15.282315832504624,15.331465832504623
678.6222218124972,6.6709199196383,1885.6741826710384,14.547690042493727,14.596840042493726
926.3594398586779,3.924642031449383,265.84775351972064,16.674774193209405,16.723924193209406
149.4476326506342,5.451924946963734,757.6147695276861,15.537735598755248,15.586885598755247
176.00878091077766,5.713777432159969,209.50570227012054,16.933367060194747,16.98251706019475
305.1424311278585,6.106462721463192,436.72626484035965,16.135833401882543,16.184983401882544
797.8749150407514,8.04547018658824,3932.8044541916997,13.749600797436983,13.798750797436982
808.0400704827322,5.997390198035735,1138.6803165680367,15.095352146573626,15.144502146573625
1050.2630129724955,9.359264422442365,2823.5276370530823,14.109376572569657,14.158526572569656
851.0573188538393,9.47807132124391,840.6411709256492,15.42483004004656,15.473980040046559
420.29369976017153,10.030821374583098,1041.4000427277351,15.19231270223408,15.24146270223408
1069.9325633868075,16.57249572459093,14174.035824457298,12.357622864896642,12.406772864896642
408.0585495059381,12.966680222023017,1816.2347897553923,14.588426704436058,14.637576704436057
322.546081631952,13.820717219946117,4719.307421255615,13.551661008331138,13.600811008331137
463.5603226901685,13.456180424703117,4065.846059472976,13.713479351597755,13.762629351597754
947.0271943851559,12.28949525717395,609.9571137899669,15.773108428255306,15.822258428255305
995.7859534697874,14.75370771946441,3328.509852455275,13.930732063105363,13.979882063105363
41.56837396198765,14.698242671896038,866.8099498501786,15.391546960600415,15.440696960600414
523.1385630385768,13.3943130620633,1084.355581097338,15.14842738240576,15.19757738240576
833.4728454784359,13.632952062844874,1131.624459007595,15.102100865738311,15.15125086573831
184.27588874670218,17.16423708732491,5773.6978973514715,13.332721539783064,13.381871539783063
263.5538005531815,14.44077113782588,103.47581077209372,17.699259585261153,17.748409585261154
599.2206858562793,17.73956338326962,3451.48884178806,13.891340495856713,13.940490495856713
609.8142098667583,14.973677602968072,321.81593747688294,16.467337809848768,16.51648780984877
700.7479539803605,18.156586683357812,1422.9563110341232,14.853377764719212,14.902527764719212
513.2900586153601,19.040216055402905,1146.733296498241,15.087700623013145,15.136850623013144
1045.7918837990478,21.823937058717412,5079.994722589817,13.471698527349071,13.52084852734907
96.4494515992239,24.870676672984118,25986.98691491763,11.69946686076224,11.748616860762239
304.56497096054994,21.12115649527845,1525.211345973918,14.778031611856491,14.82718161185649
541.7823206110007,21.745145140748953,-96.92842451486486,,
809.9266676874572,22.102026437758283,416.5325246114454,16.1872343836135,16.2363843836135
393.7119930789668,22.6704593393149,354.16201115354244,16.36335174219594,16.41250174219594
197.70267941039353,26.756124794571846,8633.167459086912,12.895931267429372,12.945081267429371
311.4909405974934,27.242612098746537,3283.8034366148404,13.945413797553297,13.994563797553296
236.09396164318377,24.71627235939341,200.72172374813374,16.979870735291748,17.02902073529175
939.7084729708366,25.961716004920977,1118.96631396834,15.114314148969777,15.163464148969776
1017.6824908112944,29.290178189260125,2142.9335318167687,14.408834928695452,14.457984928695451
725.2566758797072,30.74212899220211,15138.943275120135,12.286117775872663,12.335267775872662
459.5893381341559,29.83561575122857,818.4212678692719,15.453914413565766,15.503064413565765
978.9043428756535,30.447651429486108,599.4467075391821,15.79198023218694,15.84113023218694
1050.6730677987462,31.186797549351276,12.350433841975828,20.007151146086855,20.056301146086856
21.88837602100647,32.991347436752285,1282.739382043728,14.966010609024348,15.015160609024347
945.0172994678306,33.9897830508773,3108.747001908393,14.004893231524171,14.05404323152417
104.00426510150129,34.95353650621989,2143.7592078569423,14.408416673207714,14.457566673207713
451.92797262813565,33.306089533670516,678.7690845760237,15.657051546162544,15.706201546162543
540.083648306078,33.46270766655829,43.003574745810035,18.652595283747914,18.701745283747915
1000.0348496831408,34.00345133658504,774.2004584566381,15.514223119734446,15.563373119734445
796.155830718119,35.66925663193583,1681.1055997915778,14.672369193131136,14.721519193131135
128.0470939351661,36.06597758374481,491.24249424503364,16.0081168606427,16.057266860642702
756.8021804036695,37.640666659260965,2946.557799084887,14.063069268760344,14.112219268760343
894.4215796789422,38.01839386496489,1119.940923909784,15.113368893759665,15.162518893759664
407.42369763532355,39.32330759371426,1373.4708972541052,14.8918080263736,14.940958026373599
419.94815522904327,41.77278116269565,15316.676518552784,12.273445329263993,12.322595329263992
73.33490754021638,39.22852148668634,1009.7867106516433,15.225782553022842,15.274932553022841
391.98277284421914,41.01078744838203,892.1586632759786,15.360251437525998,15.409401437525997
572.4358921285427,40.50446856575613,227.025952101087,16.846167915891026,16.895317915891027
677.8323137339598,42.16631714759938,1723.746124422907,14.645173423277832,14.694323423277831
988.0648564042763,42.19507552847367,1955.8944132242427,14.50799316467569,14.55714316467569
775.0883109678441,47.945217725729904,10919.141052594648,12.640885489608994,12.690035489608993
653.2241203548685,43.567742806263716,1177.7421343852282,15.05873114897836,15.10788114897836
587.299347490883,44.97319125526318,1281.19441545031,14.967319087714616,15.016469087714615
670.2059517075337,44.79144740602553,1259.8427076656037,14.98556586387793,15.03471586387793
883.126620486596,48.45876772543338,1375.1510066601898,14.890480702426473,14.939630702426472
954.762485571245,51.05611381153475,8057.565377347085,12.970847085204081,13.01999708520408
377.1850436275678,49.70267594968728,794.7126418540444,15.485831376152758,15.534981376152757
923.5640394283477,49.741926202329964,337.81918642313315,16.41464590096011,16.46379590096011
151.23681663816066,50.82302373910761,654.1488518066216,15.697165221541791,15.74631522154179
297.76535393906477,53.03098957489728,2962.42876974851,14.05723688830372,14.10638688830372
610.8297786952845,51.3838161654073,285.7707768614951,16.596312141531996,16.645462141531997
647.8334529903728,52.03145592083731,718.9194331220406,15.594656122152841,15.64380612215284
728.474068127431,53.210869060678895,1781.6902908307352,14.609276146749078,14.658426146749077
843.6746229311731,51.18856543773952,340.7161668675626,16.40537482717022,16.45452482717022
64.3918136941859,53.5602432741624,2001.7304796180995,14.482842674962097,14.531992674962096
737.960876480764,52.51797799753494,544.715434603231,15.89593247699385,15.94508247699385
87.86060015828696,54.62958010325215,1081.939917338317,15.150848820008068,15.199998820008068
548.5662216896277,56.957328178647984,6486.429378207296,13.206342445091765,13.255492445091765
1032.8266601092034,58.55693206288816,31320.572335697187,11.496782456310582,11.545932456310581
41.863069100336254,54.90685180069847,2353.4889948908585,14.307076250503927,14.356226250503926
994.6271596776746,55.24641207135466,699.8862094401111,15.623788089485082,15.672938089485081
502.8956789331087,61.639507191868276,25841.850043440943,11.705547675118064,11.754697675118063
799.5626698009883,60.94028291858111,14859.4424136255,12.306350397017694,12.355500397017693
280.4250207784887,66.99466877306286,77509.78609471244,10.512965334231259,10.562115334231258
861.2229958962115,61.825186080388576,12182.297984310695,12.522033634311653,12.571183634311652
48.059102818589345,61.116003130026,4966.80785119186,13.496163282749848,13.545313282749847
109.04268138933182,60.531282586660566,1249.7395988961005,14.994307852697382,15.043457852697381
222.95811753189025,61.43271355618881,3424.674669371463,13.899808376330874,13.948958376330873
40.61997966027703,60.53810419047831,3600.9163557038487,13.84532409655618,13.894474096556179
384.4339477085299,61.39910318018658,1536.4345926428846,14.770071488399973,14.819221488399972
1051.8185232795186,62.11293458212621,548.6882586150532,15.888042513070033,15.937192513070032
336.5353345360675,63.23329069638519,812.5394278129166,15.461745570260856,15.510895570260855
706.7151195138156,62.401265787314536,452.55316539372257,16.097182662819506,16.146332662819507
89.22636462344695,63.36345550745659,782.1659091748313,15.50310947204319,15.55225947204319
514.4488725057864,70.32071636053497,16461.505370946885,12.195182810047378,12.244332810047377
989.4997092441258,66.04116799766656,4621.984974799191,13.574285356790092,13.623435356790091
362.1003607149845,66.31386724172707,723.6954630999085,15.587467055103737,15.636617055103736
262.2905610563384,69.65535931410216,1676.0344021708966,14.675649358416432,14.724799358416432
482.26927473664614,68.74154485551999,1560.9280783126233,14.752899447956967,14.802049447956966
549.2185098936346,68.21850153332339,1228.2989611599523,15.013096468776885,15.062246468776884
847.0034266864528,71.41752212886071,4426.330019543679,13.621247202512375,13.670397202512374
611.8554715451855,66.51854624285147,235.19722010553068,16.807776219315006,16.856926219315007
216.66974215714248,69.07918131092839,1424.7204664551357,14.852032522399865,14.901182522399864
632.423976632546,69.89037136402072,857.5809941937463,15.403168811199347,15.452318811199346
384.36242639140727,74.38037027957736,8696.737453942183,12.887965781770275,12.937115781770274
656.3033847141457,72.71973831076109,1845.5602180167575,14.571036129687869,14.620186129687868
999.1417596092085,73.48258133186548,1837.2969185410868,14.575908313502948,14.625058313502947
416.642846810058,75.14952928288105,339.27384266376833,16.409980735885327,16.459130735885328
693.6077992541253,74.47057799765362,917.8042546795482,15.32948151355749,15.378631513557488
868.7499245325816,74.362771242332,527.0813140305227,15.931662630188775,15.980812630188774
4.569832388199195,77.42717208308504,359.90534030934884,16.34588595312217,16.39503595312217
339.1946558180744,77.89742612683965,1166.253654360462,15.069374136172735,15.118524136172734
770.0754497088986,78.88391539010127,248.06170004198344,16.749957390816288,16.79910739081629
904.4972050415568,80.00009978979567,3284.7117671572364,13.945113514359468,13.994263514359467
609.3288664223302,83.4654177585358,6582.5869828294,13.190365163585213,13.239515163585212
839.6554366555756,83.62577974333635,4991.770140861181,13.490720232862202,13.539870232862201
305.51031253031357,85.91979669573058,1068.8967782173286,15.164017259987162,15.213167259987161
700.9336112503062,86.5681923067898,7696.749257672358,13.02058833393504,13.069738333935039
994.494255503835,82.9452728821345,3116.85532129647,14.002065071150254,14.051215071150253
316.88459614300024,83.6242057231556,579.6741773203667,15.828396794293095,15.877546794293094
475.9435135631518,84.63924615594762,2781.2948023782174,14.125739119637629,14.174889119637628
560.2196449939015,90.4320191753597,79000.2135545291,10.492286016922066,10.541436016922065
509.38213181395844,84.62851058342055,502.18882346823153,15.984189072668933,16.033339072668934
275.08787191300553,85.94345331400791,1090.7328861733768,15.142060661276936,15.191210661276935
741.0609470736654,87.45176691328064,1957.6593893577142,14.507013850877936,14.556163850877935
1043.6809994150326,88.07865861223866,1882.395224110055,14.549579649365496,14.598729649365495
527.8752745723892,87.22770906939533,-295.1322168758721,,
851.860303337857,89.24007392134875,1265.9304430754278,14.980332070386456,15.029482070386456
1072.3757725691141,91.1806200163474,10039.708750780777,12.732053894562611,12.78120389456261
39.41091368824663,88.81898912656622,504.6307316253549,15.978922442158819,16.02807244215882
490.7727399360081,89.76854579611674,2380.330434086944,14.294763556669988,14.343913556669987
970.7224364534643,89.72340538768205,594.3391195190432,15.801270888759662,15.850420888759661
835.969815319518,93.02911789856876,3645.497632030706,13.831964628952203,13.881114628952202
128.03216697806513,92.79829430343317,2366.690672983097,14.30100293200702,14.350152932007019
137.57746172226487,93.12126242616317,1874.133219633716,14.554355533260498,14.603505533260497
795.2647615937823,91.6424116993853,228.06639067139716,16.841203456212952,16.890353456212953
206.2406141567754,94.89659805841238,1822.548273562103,14.58465907954257,14.63380907954257
517.4698139176226,92.69590811547728,24.322633409266643,19.271330194705833,19.320480194705834
785.8636910290821,95.32020356005484,1439.6211558233736,14.840736129721789,14.889886129721788
64.7701356493199,97.833415887697,513.6631353051323,15.959660684390643,16.008810684390642
935.5188904588832,96.91908400389777,-38.157756119149724,,
1061.2581186185705,104.84942345690871,75288.9628759308,10.544528393459931,10.59367839345993
170.07218627384455,102.14997903621042,13122.65503501296,12.441302399238165,12.490452399238164
1008.6417666249213,102.76248853676056,5155.320908689003,13.455717419012846,13.504867419012845
741.6372855752984,106.41241793394018,36732.41112939677,11.323733088791473,11.372883088791472
906.8951476861508,100.43623426498552,1182.6047393502404,15.054257642319108,15.103407642319107
493.0390348355295,106.48442066295412,5051.7733927868385,13.477747027158522,13.52689702715852
570.3677639385688,103.39512013299009,1793.4091294300667,14.602158239569572,14.651308239569572
134.13557457392125,105.62676684451414,3353.5937843544643,13.922580540043352,13.971730540043351
304.9926266783351,105.4220710086547,1572.5680236668097,14.744833078757033,14.793983078757032
781.119421428872,106.04355047895714,4326.92305079815,13.645908750494081,13.69505875049408
872.4063536870907,102.65817325593122,501.35357055982604,15.985996399469645,16.035146399469646
338.6964131681644,111.76802707656722,194965.8535800349,9.51146029147152,9.56061029147152
472.8685627611871,104.26690475465611,718.7564475164493,15.594902296378876,15.644052296378876
587.8686789187599,103.45256063856344,803.9000229606349,15.473351577463962,15.522501577463961
1047.1398057619851,104.09342458948657,1558.7389507689986,14.75442321020397,14.80357321020397
26.618993433218247,105.2929099344446,469.2470649590905,16.057852767925155,16.107002767925156
601.0766852317394,104.45920806478568,1082.4918413712003,15.150295100616958,15.199445100616957
961.8211207789955,105.77632074988544,1105.4732245627122,15.127486109915807,15.176636109915806
627.8449266263327,108.27630279040477,5255.513051417452,13.434818882776327,13.483968882776326
76.41626183836763,108.0637173330461,326.069458246219,16.45308137535925,16.50223137535925
843.4999163488853,107.63503314570856,590.2179645533589,15.808825620000388,15.857975620000387
972.2398523380934,108.59651840060363,1263.8160620193694,14.982147003695511,15.03129700369551
445.05132910287915,110.61508173935808,832.1880869149734,15.435802944098068,15.484952944098067
926.7262162423355,110.07616083205218,928.0481784906988,15.31743037344732,15.366580373447318
984.1571250053432,109.98424965964992,1586.7946279302037,14.735054876362469,14.784204876362468
584.4151967865134,118.31177870111823,164235.44349055586,9.697689461215314,9.746839461215313
805.4915666003213,111.94834836646001,613.8225779262242,15.766249533068983,15.815399533068982
557.9280810916066,112.93219867652728,118.57911697000588,17.551336150292432,17.600486150292433
597.2011496488116,113.45443174561882,2258.181349553798,14.35195963958115,14.401109639581149
15.40559275020479,113.6275677550607,495.4614827132915,15.998831935172054,16.047981935172054
384.012011935442,114.41070398257357,2854.6022919304805,14.097492654762476,14.146642654762475
161.65406838640183,114.71507354174953,1202.0176772314715,15.036579543684503,15.085729543684502
185.9838900085629,116.60930626116075,3095.1275426655666,14.009660305273997,14.058810305273996
438.77378402605336,114.83369100453194,961.7811639109457,15.278666011775002,15.327816011775
1007.7580273634835,114.39843117163846,916.0140714735168,15.331601317149417,15.380751317149416
429.0405362196636,118.17780490930794,756.052294093786,15.539977091340951,15.58912709134095
967.7045799189532,118.45835329292781,902.2345665452905,15.348058025541565,15.397208025541564
817.4281630527119,117.70836158066464,609.1082845979508,15.774620413970895,15.823770413970895
501.64988811593986,127.12876284873762,186225.7036863304,9.561257620112878,9.610407620112877
326.10850020487186,119.01279135362095,1916.0026886080984,14.530366394726212,14.57951639472621
387.11762265067284,121.30979914233244,2070.4072691551323,14.446217220655539,14.495367220655538
607.4116118441832,121.34289064777623,1621.1200363903188,14.71181874632177,14.760968746321769
75.6245080182361,120.92631275979204,724.6590449256175,15.586022386933095,15.635172386933094
220.3426549137462,121.52463534663801,562.6691741249012,15.860723872759426,15.909873872759425
281.56518993192054,123.24530444312246,7289.424152175362,13.079623626622713,13.128773626622712
160.1323664450187,123.94171138487665,1450.5432450617068,14.832529977735442,14.881679977735441
725.8533969652322,124.33476809885497,1833.012596279116,14.578443056628355,14.627593056628355
523.198703432548,127.42394905626617,12796.07454595212,12.468664776419892,12.517814776419891
760.9197064943158,124.35965326190836,1998.2718872454539,14.484720233797255,14.533870233797254
776.8960264480181,123.54025344169416,491.2250236019366,16.008155474661766,16.057305474661767
804.9485550024219,131.46765341969382,26784.188536460708,11.666660446719439,11.715810446719438
461.99240731287404,124.97970940034988,3.0351411379556623,21.530909452301923,21.580059452301924
58.96464993293368,129.09834515230682,2238.21759983873,14.361600914087019,14.410750914087018
474.54717161798965,127.83626362974826,4385.161970937493,13.631392582234524,13.680542582234523
667.639529605748,127.74374847914743,1336.851930518657,14.921148411264195,14.970298411264194
1035.9155355455973,128.73105508999706,493.72453933087735,16.00264489696509,16.05179489696509
315.893666604146,130.28894883145975,367.6115937669424,16.322883680760505,16.372033680760506
593.9812948179376,131.04968019897638,705.6661785443143,15.614858422904263,15.664008422904262
986.2428631152857,131.52807015907638,130.51943908214724,17.447168683369668,17.49631868336967
1067.1468705343245,133.2535845089833,3847.2199696082043,13.773489134264317,13.822639134264316
727.7132281638062,133.5256235616702,1412.3139205838943,14.861528580648557,14.910678580648556
19.479114037959967,136.3259713572064,1563.0717993665928,14.751409360877798,14.800559360877797
879.1397488997287,135.41208023897363,825.51984741238,15.444537882201917,15.493687882201916
189.78689759671244,136.23115692585745,1874.89730725041,14.553912966791865,14.603062966791864
899.2908796058822,137.67116792968727,835.3595891203256,15.43167302449317,15.48082302449317
385.56746753903013,140.3444821170168,448.40387202876684,16.107183294801622,16.156333294801623
659.3402742385098,142.26383494930715,922.5291886490947,15.323906390020639,15.373056390020638
603.1386432040069,142.72226524794826,915.8322629151753,15.33181683319033,15.38096683319033
444.44446572582245,147.70385273836152,20640.393312403314,11.94956175833093,11.998711758330929
823.1881974673292,144.574522157259,374.3414886694061,16.30318677236503,16.35233677236503
1.8958764870488387,148.72249708199243,1822.1256949911653,14.584910849034072,14.634060849034071
312.0309099089306,148.4754299959453,2386.1910287699056,14.292093658680544,14.341243658680543
674.6531591976313,148.92725044132774,2025.6229146728708,14.469960176926518,14.519110176926517
887.572884837477,147.9504309108588,614.4491304127334,15.765141845294085,15.814291845294084
85.35911306033535,149.66922599316865,301.38743147277836,16.538543836857656,16.587693836857657
686.4428745335132,153.7177177840714,8138.920539585975,12.959939658935465,13.009089658935464
833.726652908386,153.21228045905588,1762.3902377357485,14.621101483886491,14.67025148388649
1072.1450844682552,156.59771072111056,8313.664989742141,12.936875380016632,12.986025380016631
273.61922552141175,153.7611888544202,570.5893574971687,15.845547512543156,15.894697512543155
487.91384974567546,171.73695566704836,1571769.2437620931,7.245384714416366,7.294534714416366
583.9282945306725,155.07342511330532,506.10429351954957,15.975756626010748,16.024906626010747
866.2756309676137,154.58513036170336,482.1848403428942,16.028322799508665,16.077472799508666
1020.9519513908834,157.81810337004634,6571.80201842176,13.192145501531279,13.241295501531278
297.1227347079786,159.75126493739137,1683.7299238712565,14.670675604113772,14.71982560411377
980.8378126005291,157.86385123293513,1047.5495298172118,15.185920264476316,15.235070264476315
630.9065560860491,158.3918005706559,1112.7827643020341,15.120330704318391,15.16948070431839
168.1479533595947,158.07398606744653,717.9292721091227,15.596152527204435,15.645302527204434
337.85501381157843,160.2842447983058,1982.2509862329803,14.49346007363308,14.54261007363308
898.4122886115821,159.81178211266402,1116.470230944276,15.116738810803083,15.165888810803082
52.70336633666845,163.55124285185678,9695.904342142569,12.769885874678446,12.819035874678445
680.8732004646633,160.55464824998126,3328.8536252614467,13.930619932655086,13.979769932655085
910.8067763724439,164.77365483574528,44080.41096739928,11.125742593013847,11.174892593013846
77.4533237020538,162.85302873952472,2393.252499549451,14.288885377206986,14.338035377206985
359.85079449717324,163.14189803206077,1723.206706786054,14.645513239510475,14.694663239510474
660.1118376168396,162.63689860394084,95.35005911141434,17.788054263582378,17.83720426358238
748.2404112844912,161.76878750158403,373.91492217634396,16.304424686878598,16.3535746868786
329.88608638282994,165.61339022843242,1988.8178301272583,14.489869168012497,14.539019168012496
119.3036551212979,166.11725344104434,3955.3627340519706,13.743390886479148,13.792540886479147
246.0024526379544,164.40892591381058,1384.776045056327,14.88290782471692,14.93205782471692
595.6439101715629,166.68150879607714,1177.54361828316,15.058914172307489,15.108064172307488
1028.857760225248,171.04313797205663,3054.10375164085,14.024147213915388,14.073297213915387
854.716749260372,166.77338173527002,834.3971281345189,15.43292467851305,15.48207467851305
212.82373258745557,173.62466518044394,3031.670767833596,14.032151589673221,14.08130158967322
405.75020251748856,175.14932999951924,19871.828520257804,11.990762102979428,12.039912102979427
681.3209733305043,171.23525493268946,264.31677914508913,16.68104484628092,16.73019484628092
522.6626165001925,175.20579646343023,1464.106642703628,14.822424902513081,14.87157490251308
250.73084274857877,175.5555393089398,222.21260665655805,16.869434945439842,16.918584945439843
293.2901759899287,176.70894462029332,2293.9787701992027,14.334883194198644,14.384033194198643
573.2763813166397,177.36145508844172,2767.7497230067884,14.131039640190798,14.180189640190797
707.4469506356564,184.64695466446264,127088.13961484085,9.976094124362124,10.025244124362123
261.6146259355312,177.36148975853075,567.5652771683076,15.85131713492245,15.90046713492245
967.8032482941934,179.6101475035097,4760.658042485266,13.542189211948578,13.591339211948577
449.7613483710087,183.79328040953078,17460.79115365336,12.131196885560476,12.180346885560475
766.6624915509038,179.38969045595735,452.53155735300174,16.097234504667103,16.146384504667104
946.4588875754305,179.31877738863673,1676.5348307393926,14.675325228842365,14.724475228842364
858.0463473242183,179.82079365448476,1116.8905986859713,15.116330091821531,15.16548009182153
980.6398364287306,180.47035366967395,3019.675205786608,14.036456097505674,14.085606097505673
1046.6277618329964,181.5945267693149,3735.29987412206,13.805542997115197,13.854692997115196
900.2813578500275,181.71438526546626,226.85783876194142,16.84697220434915,16.89612220434915
573.7178000113438,184.15891402713743,2183.0700843507348,14.388687484285748,14.437837484285748
64.84416823266162,184.74832170607112,254.71702743385106,16.721211735532307,16.77036173553231
751.0256075132878,186.16987164601872,1317.4018917941921,14.937060973243844,14.986210973243843
851.9489519506741,190.13193924496022,2896.6900137973216,14.081601624810023,14.130751624810022
738.7249569007159,193.06805207639738,3425.550403731285,13.899530774793629,13.948680774793628
285.5994235921737,188.7573079643823,1026.5153829095202,15.207943025374842,15.257093025374841
298.5713726220143,190.037643532867,1102.8949475316108,15.130021312175852,15.179171312175852
415.0486743768689,188.8734038319709,647.4960266755422,15.70826391078809,15.75741391078809
627.9030584774553,190.02526824174848,528.8512909785923,15.92802275801354,15.97717275801354
20.82344318939535,195.65796152132987,4417.247886273708,13.623477251137336,13.672627251137335
131.04842525009343,193.3688934258692,1788.2413607697858,14.605291341161248,14.654441341161247
1027.1406107481798,194.3906291940796,4160.287458870676,13.688548331034262,13.737698331034261
47.81916448336224,194.14448155420482,2030.7282385547019,14.467227160137291,14.51637716013729
579.2044408041046,195.19379017428915,3904.4560825297067,13.757455324551163,13.806605324551162
916.9451829808362,197.09594792187704,3610.9811515308866,13.842293626334879,13.891443626334878
406.59916689159104,196.4332619615785,3333.8110690754847,13.929004219581657,13.978154219581656
952.8891160834489,196.73156339716144,31.526484475911758,18.989667817154597,19.038817817154598
758.0390365082715,198.2740319436234,1065.2290302561846,15.167749196179695,15.216899196179694
172.02927706992241,198.79888104040856,833.1900975871526,15.434496430771855,15.483646430771854
367.26828346013815,201.60662696683602,17481.52466049182,12.12990841219267,12.179058412192669
560.706601738073,199.37040628442938,299.82641285656445,16.544181957977322,16.593331957977323
897.2050034276856,199.16418047740098,1008.8301960648996,15.226811497733925,15.275961497733924
927.59362941497,200.5945807434263,1788.407917927527,14.605190220183282,14.65434022018328
198.14326346457466,200.85822494912944,2030.3845462407915,14.467410932028976,14.516560932028975
376.3012417240374,200.33863421183543,5501.345485198539,13.385184381242357,13.434334381242357
419.86355331756357,201.21896677239116,2735.795724562755,14.143647513854173,14.192797513854172
672.7238378609671,199.9329681172259,-286.8042658092759,,
399.1500909383086,206.4349737108444,129423.2552679104,9.956325882515067,10.005475882515066
436.61197340614723,201.7192421862051,202.20004638975445,16.971903552897516,17.021053552897516
494.5659010075767,203.01520952494198,2401.803176872152,14.28501314280077,14.334163142800769
20.6675439457828,206.24804852031653,2098.963798754723,14.43134430942043,14.480494309420429
837.0228521885228,206.88923965660507,7693.373731944246,13.021064604404659,13.070214604404658
968.1565662724454,207.73136733758312,1456.8313662172186,14.827833471535358,14.876983471535357
297.07954199407834,208.1215965531278,4465.587017867531,13.611660288662389,13.660810288662388
486.6784268897172,214.83434669469102,293793.0223996387,9.066252987482557,9.115402987482556
957.0220166676739,206.46995752081585,56.50258455970226,18.356185895344996,18.405335895344997
2.321422673914585,208.57021044909942,1327.9094103630491,14.928435558667143,14.977585558667142
750.3846284118065,211.61784656465446,16178.279377484048,12.214025853039491,12.26317585303949
535.2053369697198,209.66628195997328,136.9613270296736,17.394861791958146,17.444011791958147
787.462499013677,210.24327985354168,805.4911234058113,15.471204783099573,15.520354783099572
626.7151930084727,213.72596464699458,2035.324852648007,14.464772341002126,14.513922341002125
77.31697643621376,213.66308220080086,327.9932886738287,16.446694286717815,16.495844286717816
197.5592554704435,214.79424120038388,3544.101556759569,13.862591284713627,13.911741284713626
374.1346896458244,214.81182635359744,5183.951782958575,13.449704296590827,13.498854296590826
637.8829589767226,214.14375749949573,311.74939442851627,16.50184263378818,16.55099263378818
693.4786050324088,213.9508501032991,641.9684241710011,15.717572511615023,15.766722511615022
727.654402031139,215.91792853205985,3742.7616732256242,13.803376246259548,13.852526246259547
1009.4263109762649,215.14433514272915,388.676209465665,16.26238678349136,16.31153678349136
1.4946261765886157,216.49500205601913,1080.6152826710531,15.152178916919528,15.201328916919527
278.11962794367514,223.39400635195284,127177.11305148865,9.975334274682625,10.024484274682624
805.5266809381335,216.6060449458278,444.9849159811515,16.11549345614505,16.16464345614505
136.68353088089273,217.68817065309253,418.06943231190104,16.18323564336105,16.232385643361052
234.08239233648317,219.0283444792962,1136.8296335837924,15.097118215724349,15.146268215724348
329.14336028501657,217.54499794602864,636.9177532652491,15.726148293990356,15.775298293990355
943.5972976167589,224.92400638478998,26305.61503167073,11.686235529724112,11.73538552972411
991.0248422494891,218.6206129738115,649.1832008730291,15.705438497833548,15.754588497833547
567.0345239534674,223.5446645828366,1841.2717918403239,14.573561930510147,14.622711930510146
1053.4170976915163,224.5088715132967,6998.570171597417,13.123833376527873,13.172983376527872
173.43197379118087,226.34129756753399,6119.735795129804,13.269524997802957,13.318674997802956
1028.234594092652,224.09624461481812,793.4782298159752,15.48751914068423,15.536669140684229
885.5544402523591,225.1724484734395,3670.893513466608,13.824427213820126,13.873577213820125
310.56435588487125,225.69832380579885,1133.0905594344936,15.100695127247864,15.149845127247863
674.304229000452,227.42262823961116,2512.3391811121583,14.236161001562095,14.285311001562095
1077.8021543850582,227.70625089416126,1217.67930667595,15.022524365955027,15.071674365955026
219.5595481000662,231.80073045478517,1006.9356321272317,15.228852406689,15.278002406689
79.70160476092651,233.17274553293723,488.5822701541215,16.014012422400313,16.063162422400314
563.6741323923154,233.18008822797066,715.4778239413586,15.599866236494886,15.649016236494885
533.1829469631028,235.5578080961886,532.5155308008052,15.920525983924826,15.969675983924825
277.0794626340488,235.56049450924434,3583.9822018936356,13.850442069422833,13.899592069422832
324.0613401470971,236.59510934346477,745.4482001642164,15.555313003864926,15.604463003864925
623.4877980608278,236.40787336902525,114.57170946500113,17.588663197570476,17.637813197570477
654.1480928343572,239.43532294058025,9398.63911548937,12.803694244912844,12.852844244912843
639.4180488128859,237.13736836771824,-132.3324121086522,,
907.006052829222,238.31730547706238,2124.581882510324,14.418172995911831,14.46732299591183
122.35857056054633,238.3616815164451,525.7096255849365,15.934491857899054,15.983641857899054
601.3710734692552,241.4920732679725,3594.159525158371,13.847363307213767,13.896513307213766
742.8925247634703,239.16255781046428,436.9633255695352,16.135244209964654,16.184394209964655
1020.0857617059471,239.05006871302993,1050.260981976901,15.18311360162468,15.232263601624679
224.34103212901127,240.6732996995112,752.8983464689742,15.544515821792256,15.593665821792255
280.85720194123775,239.18233894228769,1333.1851867037667,14.92413048143126,14.973280481431258
960.4102715260146,241.05102125993764,1063.984281573711,15.169018649885285,15.218168649885284
18.90669095145742,241.44585189722164,735.3162632572714,15.570171251312575,15.619321251312574
574.1170405309684,242.3016575992682,1040.7721819745477,15.1929674906938,15.242117490693799
1013.3210653984625,242.06217320548632,1295.8777060712134,14.954946634018317,15.004096634018316
111.82968468720212,242.83515316260875,639.927681193365,15.72102943826917,15.77017943826917
315.5505692763002,242.10228240982715,155.36045922243707,17.25800543944058,17.30715543944058
789.0207567110026,243.73664792424793,357.9676079173942,16.35174735611256,16.400897356112562
921.6097402848084,243.26721758911097,406.4738976470231,16.213775025303857,16.262925025303858
477.08989790618006,248.9297356419682,4901.448247367585,13.510545626533435,13.559695626533435
940.8389191385172,248.32820008844078,6807.217254849666,13.153932651394136,13.203082651394135
513.044617122249,245.02091863750974,256.7907515526089,16.712408234266505,16.761558234266506
773.9781022354399,245.83637162899385,138.10595939135703,17.385825632218236,17.434975632218237
2.3051877491397197,247.79596403553347,2136.142477287297,14.412281139954985,14.461431139954984
536.9690790379777,247.23254196032903,2123.629751930031,14.418659677249273,14.467809677249273
1051.0627035288182,247.48049596131008,1170.4451578698788,15.065479006882033,15.114629006882032
840.9828025071542,249.57297594353773,974.9950069798942,15.263850701003301,15.3130007010033
14.441570089890995,252.36877995903163,1053.6235050812222,15.1796430534984,15.2287930534984
71.26879307973968,252.45700479421325,1063.1216112715297,15.169899313546036,15.219049313546035
185.85381251853633,252.8984537804439,566.5772833328988,15.853208785912178,15.902358785912178
417.1701787456626,252.90639718696977,321.5469285836141,16.468245766236222,16.517395766236223
488.30039030708514,253.9400612995836,1108.3032259976917,15.124710186727658,15.173860186727657
530.7205590565661,255.528940477011,10678.606822637095,12.665070189013893,12.714220189013892
1032.4138133662407,252.86105957637702,566.1083775939485,15.854107725457443,15.903257725457442
1045.1168980539762,255.88379313838138,3506.7494076830235,13.8740948493648,13.9232448493648
572.6680470364599,256.0853125807188,1883.9176090000142,14.548701916391169,14.597851916391168
506.9065063807423,256.3141024686687,617.1982800561498,15.760294912264595,15.809444912264594
833.694751156985,257.88269010032144,815.9668831665845,15.457175348042817,15.506325348042816
230.26318482974972,259.5684365265018,5487.625055643319,13.387895604245184,13.437045604245183
480.81191267941057,258.1213137584747,2567.2494773554345,14.212686494841941,14.26183649484194
624.6848531210636,259.0490766718257,1504.3001092871568,14.793020462487263,14.842170462487262
660.0505080051094,259.5633408269786,2566.2992755233186,14.213088426757816,14.262238426757815
37.34362532057104,258.2075757107292,139.7594342187745,17.372903845516326,17.422053845516327
273.35124148973074,258.07377404103295,253.32635615974897,16.72715573941523,16.776305739415232
343.9425298108894,259.24459704904314,1340.9525529908658,14.917823151494359,14.966973151494358
53.50907974250802,263.99875637773783,10123.134439101392,12.72306916892052,12.77221916892052
94.44846010036936,261.7212333492554,694.2040754803195,15.63263878271561,15.681788782715609
670.7417699368009,261.4846843588045,777.0673839694855,15.510209978632183,15.559359978632182
986.8217925090918,261.4625837792637,249.6713731702107,16.742934805498464,16.792084805498465
64.85642851185763,264.7825526227467,3183.286815246011,13.979167253961679,14.028317253961678
534.6718666281644,264.4257371566322,2663.8221030833797,14.172593634729928,14.221743634729927
344.0874802317272,264.6501683916448,2305.636187549475,14.32937973041422,14.378529730414218
352.88940142869166,265.3509622388436,1925.8634697623797,14.524792941526565,14.573942941526564
426.4839806013028,271.78363770881356,28810.7786514632,11.58746919049776,11.63661919049776
187.9720662065249,268.4557190758824,6682.639030890452,13.173986672811747,13.223136672811746
323.82697403537446,265.9888826814041,716.2069445776414,15.598760360734671,15.64791036073467
468.61565776070336,269.3825558745844,5676.250906470202,13.351202719470608,13.400352719470607
550.3535434857546,266.4153777878116,-575.3251303028867,,
671.4846627202554,265.7970045375516,176.92647831194733,17.116874597513153,17.166024597513154
878.9345387289982,266.8941832744307,241.7991110961409,16.777719930203123,16.826869930203124
439.9242807186577,269.75041571188234,1667.3495831805071,14.681290016898785,14.730440016898784
451.81117945973153,270.4503852636555,6040.148463576801,13.283737646441583,13.332887646441582
777.9875945949731,277.3581159358916,529203.9276761984,8.427299033131996,8.476449033131995
624.0039286738222,282.53475564948997,448807.8687303759,8.606205523657403,8.655355523657402
224.81635019409805,271.36284811495887,873.1104615609254,15.383683700271641,15.43283370027164
651.3036839875696,274.03701666103706,6025.220719219047,13.286424277994918,13.335574277994917
828.0789917022713,272.63298509374556,377.927429324391,16.292835646606896,16.341985646606897
159.8358382184218,273.7384604726649,2632.5927626995676,14.185397472538714,14.234547472538713
514.0293310280982,274.41255900146854,2420.4189274536684,14.276630329088517,14.325780329088516
216.39768937953932,275.5226384015165,1048.6465888697908,15.184783808941194,15.233933808941194
728.5660920184381,275.75778876751497,4470.931180176201,13.610361717772536,13.659511717772535
976.5538683600903,277.7145362346506,14950.086861919825,12.299747390194192,12.34889739019419
691.3014407592818,276.72635750905164,2990.1444704957853,14.047126250102137,14.096276250102136
1068.500234950694,275.9941645387561,842.5256990690319,15.422398788189584,15.471548788189583
133.65508095959578,278.51817328966837,6989.093888744799,13.12530449349341,13.174454493493409
149.69923351531213,279.8499841822264,12656.814613341321,12.480545632734815,12.529695632734814
741.3407463371958,278.4772174390725,491.5269246842079,16.00748839901534,16.05663839901534
931.6504523355993,288.78357185828133,370674.3294642925,8.813875403605097,8.863025403605096
530.1430144381166,282.633764634447,21763.609601735283,11.892029362938256,11.941179362938255
887.948661193771,283.6623083698261,938.4541018328558,15.305324087918239,15.354474087918238
340.43139832789797,281.7449501514809,159.99793267492885,17.22607075214137,17.275220752141372
96.0411016471477,286.417586146444,1573.109269334839,14.744459454911667,14.793609454911666
315.9866440639584,287.87563760584004,21632.25460189162,11.898602215774998,11.947752215774997
519.7644133570158,285.16490757003623,1928.9236544895707,14.523069082884078,14.572219082884077
1055.8826283173814,295.32684969117446,10580.507479783248,12.67509043375929,12.72424043375929
725.1627080116095,290.9276513618275,1681.846128011257,14.671891030863687,14.721041030863686
671.0725881855684,295.50353103049514,57601.17016085035,10.835278414747467,10.884428414747466
482.40688092553296,300.31578159836937,246630.18584600365,9.256241104670787,9.305391104670786
833.7580820017096,294.4112581435791,16426.12285567201,12.197519013339786,12.246669013339785
370.2692706166751,296.462960976214,-7.255322300232436,,
781.4510888000403,307.6181531924387,401548.6004131833,8.727011388821204,8.776161388821203
818.0428948368885,295.88431998733745,621.9159333190952,15.752027471470122,15.80117747147012
459.62438593204064,295.5604022101736,1277.1207914939653,14.970776741986427,15.019926741986426
599.0360363407243,297.7532490854542,692.6859917461943,15.635015667761104,15.684165667761103
1072.1141397575507,296.68673259079776,685.689589659145,15.646037790307634,15.695187790307633
413.253822613309,298.2378731065448,2339.2020155126597,14.313687356438855,14.362837356438854
241.6138819007837,299.69006957258466,109.38572515510683,17.638955054543906,17.688105054543907
647.053194271992,300.60925774502164,1305.0795081990977,14.947264253587441,14.99641425358744
579.9625925031683,301.51122422152895,596.8148447528276,15.7967576377937,15.8459076377937
656.0616382322103,300.2482355379436,565.4163602883121,15.85543575358015,15.904585753580148
882.1256214193862,302.65847951173976,1311.04537267563,14.942312375081686,14.991462375081685
283.66847346062616,305.0476025416,2899.8870557505315,14.0804039716064,14.129553971606398
79.94490823765405,305.38142645730125,239.32321930705075,16.78889458959595,16.838044589595953
524.4339370973854,305.6972959946557,-55.64002747689406,,
536.410928007434,306.6708191418004,1356.9047850744955,14.904983245150834,14.954133245150834
981.133657101229,307.26365270771123,2248.353307821216,14.356695286129586,14.405845286129585
136.02455752999182,307.2118402123247,1320.9379585638376,14.934150629443717,14.983300629443717
92.68381289518364,307.47261746808357,-71.46641770721556,,
192.389082234237,307.3408556091895,554.0979632126276,15.877390295738898,15.926540295738898
321.6736237330606,306.9480873947615,223.58248601685193,16.862762228204804,16.911912228204805
738.6706260490943,320.0579911647228,461010.6435202086,8.577079299580387,8.626229299580386
258.45973956692825,308.7359269407306,747.1241993617174,15.552874671529073,15.602024671529072
849.4431247326182,312.5946106131041,2072.616041500377,14.445059542240195,14.494209542240194
640.338362141574,314.8390057175397,4582.413185984976,13.583621065168725,13.632771065168724
697.2818831021002,314.3623998205577,1746.1060570211116,14.63118013299459,14.68033013299459
453.84404703927936,316.4645995517233,353.83758541306656,16.36434677326249,16.41349677326249
1018.9320264131868,316.564892147326,896.3523098939643,15.3551598251447,15.404309825144699
841.0651885653698,319.4442883292698,3327.6640375330962,13.931007996968766,13.980157996968765
250.59183529682468,319.8026747076698,1688.9803640583687,14.667295178805674,14.716445178805673
1036.3826110161942,318.4101401808107,739.5292641703342,15.563968269401823,15.613118269401822
19.996452302455232,320.8518922747802,1230.1042603341116,15.011501873546134,15.060651873546133
677.2928333336271,335.53347335415276,486943.1745467429,8.517660973298431,8.56681097329843
58.51537936080706,321.13194180919595,781.6969612380191,15.503760620910572,15.552910620910572
631.0989229722378,322.54202630388454,4356.142574910127,13.638601466101049,13.687751466101048
723.1978729640801,321.3972163954058,2177.6793689025153,14.391371838420662,14.440521838420661
974.0210202999657,320.45785892088355,640.7568688644155,15.719623503918267,15.768773503918267
994.1784416307753,321.07669313645215,596.842083346516,15.796708085989252,15.845858085989251
409.0934617921333,321.11058071370866,50.59903966251727,18.476000994415326,18.525150994415327
433.99404046379175,321.74206608256225,1416.86822499042,14.858033028083605,14.907183028083605
460.298844220713,323.4281794740162,2747.727668749414,14.138922462709543,14.188072462709542
531.1142401650768,324.4912359725699,1187.884997543535,15.049420686576532,15.098570686576531
236.82164883263627,326.56978096649635,2394.4114630116146,14.288359722680987,14.337509722680986
325.28106990904473,326.08950738663555,1176.3201579390357,15.060042831768365,15.109192831768365
36.82142168022244,327.10737759263264,1250.4193929796434,14.99371742859326,15.04286742859326
310.31750115099334,330.8852886887681,52197.96526874346,10.942222744931884,10.991372744931883
345.36644659691507,326.9428487833337,694.9368980248595,15.631493251689957,15.680643251689956
518.096200598807,328.4290857775794,2832.497055432237,14.105933012485393,14.155083012485392
1009.5335285987983,327.07513495102745,758.3366683687943,15.536701539553064,15.585851539553063
483.8892532084596,329.09779553754737,3548.643077973433,13.861200879465905,13.910350879465904
1033.9672752698114,330.5503890936602,2361.824212155581,14.303237754019136,14.352387754019135
96.96581955967945,329.8800120200088,738.6450967362746,15.565267132017901,15.6144171320179
334.8855053167031,329.3374897478812,663.9218150395154,15.681064332975673,15.730214332975672
624.8507276102507,330.03546008843415,4901.642345260875,13.510502632110798,13.559652632110797
434.465092870353,329.00687705642264,1502.1889234514708,14.794545291780551,14.84369529178055
502.75805096331476,331.0838134159102,5337.060825470921,13.418101299120801,13.4672512991208
127.11709401927098,332.56307104511353,6476.4832400369705,13.208008565160029,13.257158565160028
229.24884679876126,330.7924817469401,3256.3954708166393,13.95451382505713,14.00366382505713
354.94408704239635,331.6662175900862,1315.9234610633218,14.938280105500057,14.987430105500056
146.65709775126106,332.83930375692483,3875.896429693516,13.765426271446902,13.814576271446901
417.59872666044646,338.6882304368386,110918.4033984206,10.123847656251877,10.172997656251876
222.7200297730065,337.15954353636397,6579.42133025429,13.19088743398605,13.24003743398605
19.982695775983895,339.25123283873086,1326.2125735715056,14.929823827480934,14.978973827480933
264.7955421432949,343.5731906112436,7883.543387740076,12.994553024777085,13.043703024777084
696.898252896257,338.00810762813063,1599.8474192558103,14.726160267451291,14.77531026745129
518.6463417279838,348.1058456416837,12801.757251997587,12.468182710607083,12.517332710607082
962.0696244443426,344.22258612698334,39905.2625569218,11.233781248637285,11.282931248637285
986.2989434706813,339.67479594629066,1520.170115865034,14.781626203282135,14.830776203282134
56.50997341241897,344.4891647008352,6813.541735663486,13.152924378904455,13.202074378904454
315.7533971053264,345.1039811193745,10577.596023342297,12.675389238771375,12.724539238771374
1078.1558670513457,342.23958859301496,116.64943444812891,17.56915008627162,17.61830008627162
29.985359475977084,341.5015297712386,831.2732818407887,15.436997125229201,15.4861471252292
178.032273399674,343.65697495816016,1019.2529288564663,15.215651759916781,15.26480175991678
655.619073430618,342.8596233363316,459.82642150253946,16.07987187489412,16.12902187489412
286.0417336375774,346.38579668375814,6147.579858156015,13.264596232605127,13.313746232605126
766.1058289538711,345.9546467241695,3413.2544723089386,13.903435010268698,13.952585010268697
94.99271707024252,345.4278613601337,889.6895631879944,15.363260440239838,15.412410440239837
485.0688870591673,346.7293532066073,7584.254743169801,13.036574400523758,13.085724400523757
722.144713467136,347.94414451582134,9460.431225806195,12.796579347920588,12.845729347920587
739.2820208358552,345.6964762727968,389.2876407277949,16.260680140709596,16.309830140709597
200.51262391313057,350.4177040308533,2493.734782556552,14.244231022988487,14.293381022988486
663.6290432432227,347.63207288256757,2598.687049176102,14.199471724932131,14.24862172493213
941.863308973716,347.79187303115935,-18.691240798330227,,
974.9884442418015,348.7725489404351,1319.4468861357432,14.935376898784297,14.984526898784296
554.8213385537966,351.6199425905078,12389.403175521575,12.50373071520295,12.55288071520295
26.590484250625998,351.320905865736,3330.931811148889,13.929942324719217,13.979092324719216
476.0998355971457,350.61723273904965,3588.061080575354,13.849207111249102,13.898357111249101
215.35833868176394,353.9023450618332,2928.949878812882,14.069576830254547,14.118726830254547
432.31074299998863,351.90735914592307,-304.8444014474228,,
489.65950871567463,354.99633958368037,12878.580823852497,12.461686660444771,12.51083666044477
502.6254483329136,353.1063361836249,2330.01123911013,14.31796164036359,14.36711164036359
928.3817053034618,354.6923583812876,5599.371157577841,13.36600854035068,13.41515854035068
127.77583607465982,355.68369229400207,5751.00130335567,13.336998015074158,13.386148015074157
680.3535620968914,356.51334430162774,1745.918711853788,14.631296631269722,14.68044663126972
2.842675834856887,354.483232490143,91.17256707174747,17.836696222510263,17.885846222510263
373.84490301311087,356.20361317773785,5311.668507450984,13.423279271137673,13.472429271137672
530.6081299153951,369.27307239597366,1049930.2047290546,7.683455605570739,7.732605605570739
664.7036964619056,358.39381953727667,5561.417789385003,13.373392875809044,13.422542875809043
416.38202553024166,358.3645767996812,1095.4182234119182,15.13740677615636,15.18655677615636
578.6761402880134,358.3273794246516,1124.4424675307703,15.10901358133037,15.158163581330369
480.6792116009162,357.92238311260417,3735.874399371559,13.805376013226901,13.8545260132269
746.195950337879,358.7622397409969,-209.00790722123696,,
210.84262326228213,360.2776578417744,2154.2487370796935,14.40311706259467,14.45226706259467
913.8841746591611,363.90045473286443,37337.04600925995,11.306006792764958,11.355156792764957
464.12537949697423,360.5653543591847,258.865514663868,16.703671183134507,16.752821183134508
718.2732696884062,360.6762165510904,-56.35758629346458,,
808.2846304182513,370.6401130057829,58257.48382192565,10.822977372031033,10.872127372031033
1003.2249852271241,363.9409809625838,1121.8886709904252,15.111482273955843,15.160632273955843
13.959745559263844,365.3607708822659,1523.7094871605345,14.77910125105623,14.82825125105623
317.08265646372803,363.7746115175354,579.897817469049,15.827977994580161,15.87712799458016
793.3088357757399,364.6369744214664,433.9843046076777,16.142671622164098,16.1918216221641
58.185987726054414,367.5175935647675,1394.6209355339029,14.875216229164973,14.924366229164972
202.48663439569015,367.2667547749907,2348.927598259771,14.30918260366164,14.358332603661639
622.9757894647014,366.1316174363383,1447.618428469942,14.83472142231429,14.88387142231429
702.8533328287947,376.6716063167129,177319.88120814878,9.614463100928496,9.663613100928496
332.69356665680533,367.70398389742587,1315.7799457652382,14.938398522913522,14.98754852291352
240.29446650630305,371.55668021145846,16394.335018089132,12.19962216601726,12.24877216601726
468.9159666127973,368.36894603124944,882.6536012506549,15.37188093642267,15.42103093642267
730.1731660175079,371.12475036573204,2071.222365350716,14.445789862567333,14.494939862567332
1048.1676315525917,369.1191202397876,-57.76870025261522,,
66.46820709467978,375.5973100824525,1828.3413045489626,14.581213503541536,14.630363503541535
335.78023990232276,374.6527617301948,2437.598218257365,14.268951370703308,14.318101370703307
662.2242191051076,371.6279960698483,1357.4764915211535,14.904525886855476,14.953675886855475
905.8691575994407,373.0334259023599,1939.5076279949014,14.517127950130593,14.566277950130592
608.7384462119203,372.94354855621015,978.5711754552736,15.25987563226996,15.30902563226996
101.59003363625628,373.67836770356195,185.3284421591928,17.06650149226325,17.11565149226325
154.79089068602408,373.66618731741085,904.6845131599708,15.345113790352297,15.394263790352296
303.7248334947491,376.1217249774593,15459.809752885507,12.263346317070233,12.312496317070233
256.9280117759178,373.84197450144075,181.52988906124426,17.088986324527973,17.138136324527974
291.65420778080465,377.6131748142902,3391.9445156151032,13.91023483116195,13.95938483116195
741.9090495792088,375.0387200687537,-169.65572199606117,,
505.40711849225454,374.71397455261183,285.04787973605335,16.599062142751954,16.648212142751955
588.9142071959984,377.58812017414414,5237.913423307602,13.43846089073107,13.48761089073107
823.564632528018,376.1329612282251,1813.1386005832305,14.590279170487328,14.639429170487327
247.68289236882347,378.8435225199504,3235.210930977924,13.96160017691239,14.010750176912389
493.0787027325366,377.3167393763636,2054.6108283105214,14.454532748569614,14.503682748569613
947.949807726373,377.44109610817486,1426.8766022830005,14.85039063883751,14.89954063883751
8.77509690307564,379.04912285884166,705.6324602710735,15.614910302994017,15.664060302994017
796.7592194197952,377.06683730520945,614.569224861763,15.764929658240641,15.81407965824064
619.5709287119777,378.2458683338976,-201.1446026263194,,
322.80518408576904,382.99073005794924,891.3608875455932,15.361222746252192,15.410372746252191
33.97793988433484,381.5290701949374,616.0280806572845,15.7623554070382,15.811505407038199
879.4523078937488,386.8563784871529,3161.802840872341,13.986519716796451,14.03566971679645
871.5348404069714,396.20213818226375,25200.20776069856,11.732846376891194,11.781996376891193
628.4612640455468,390.1263403034712,3666.5857730060275,13.825702057709561,13.87485205770956
740.922083303859,386.9894575289984,1125.8179746492956,15.10768623447176,15.15683623447176
443.7396317040215,390.40129772562864,3372.9865520297667,13.916320155937761,13.96547015593776
1056.5846885907274,389.3307651756398,814.8372724562835,15.458679464202167,15.507829464202166
176.17357287879852,389.4225871044995,278.6530862365937,16.623697036455734,16.672847036455735
397.9698352658587,392.1627479041725,7508.948942338414,13.047408801830027,13.096558801830026
810.8853280045814,391.4271398007969,3804.3011027175926,13.785669472246852,13.834819472246851
139.13523947344882,392.40583882311034,3118.481810324479,14.001498642093692,14.050648642093691
211.68954874319923,392.79200487233356,1370.3010086906781,14.894316736592646,14.943466736592645
82.2824365070839,396.10808820495697,3598.743098693745,13.84597956752803,13.895129567528029
777.0881745003064,393.07124753505695,-285.86119331716804,,
937.7220350612038,394.7689797325694,1712.9037828202913,14.652024258944856,14.701174258944855
989.2475908686757,394.15848913870053,601.0877602492967,15.78901196846968,15.838161968469679
1029.9973394422248,393.86166130766185,1718.7985417362083,14.648294238760792,14.697444238760792
435.5895532173088,394.30416976307595,2076.3916940200306,14.443083472765235,14.492233472765234
842.9278136048101,393.98789679530586,621.7350861312184,15.7523432390572,15.8014932390572
186.45296700930916,395.41213299910174,763.7550023366517,15.528971510775758,15.578121510775757
733.7709198118865,400.8379740047465,75184.13263199865,10.546041195588716,10.595191195588715
1020.1886519849775,399.4361938075862,15533.66601941039,12.258171771634448,12.307321771634447
424.95228379521006,398.159778292345,1547.933505957765,14.761975927854401,14.8111259278544
504.8686194640353,397.8440079808196,968.4715272014269,15.271139537371122,15.32028953737112
565.5214652607078,397.2958195228293,2059.4580362879155,14.451974312237379,14.501124312237378
859.1076282165819,397.31696582376816,2208.9835045301315,14.375875498100068,14.425025498100068
373.1592528880054,400.3378146232772,901.5679513634137,15.348860517237158,15.398010517237157
411.57035184754045,401.7814238854185,12918.829385508852,12.458298773390826,12.507448773390825
651.3583076620092,400.77012947068994,3032.7229343302647,14.031774841287007,14.080924841287006
1074.804230647856,400.64678681601566,2260.7052914035603,14.350746803080625,14.399896803080624
164.2308816820257,400.9585421151621,283.1929085593249,16.606150745192686,16.655300745192687
574.3325605317748,401.8350092229892,3582.5240222707516,13.850883902132367,13.900033902132366
461.6824438326995,401.39176899363224,325.92047457270553,16.453577570048537,16.50272757004854
903.8057421864695,402.04455911412134,362.70404850498386,16.337475672116668,16.38662567211667
771.5761963007116,403.9255528963638,390.64585623379486,16.256898625374795,16.306048625374796
119.89469223378018,411.7217648696248,17038.984879166397,12.157747386346314,12.206897386346313
330.0937633134499,404.98441245869105,869.8173184542228,15.38778655409516,15.436936554095158
843.3907833809604,406.98657548114426,3514.4244858424227,13.871721139874744,13.920871139874743
95.10667856359964,407.7236938633024,2302.6814553777926,14.330772021650349,14.379922021650348
606.2832996232728,407.64567498566583,2785.6963812098347,14.124022230088563,14.173172230088563
821.6612418973094,405.82634547695005,657.8337215980764,15.69106634928008,15.740216349280079
828.1505138356403,405.6668709201653,1424.3356729599263,14.852325801444714,14.901475801444713
933.3248220962228,405.8765808277786,769.0474356801542,15.52147385917404,15.57062385917404
761.8957124880103,406.3147171869089,754.8661633769012,15.54168178337259,15.59083178337259
105.2107862927927,407.3786562701697,803.3989122167736,15.474028581701225,15.523178581701224
140.47120359495185,409.1000277992211,1317.2005280275023,14.937226939790145,14.986376939790144
427.5900178672997,409.20459098694397,1581.3369844012864,14.738795609235119,14.787945609235118
190.98357097468653,408.8468359642265,853.3303798810673,15.408563661472579,15.457713661472578
553.3544630324545,420.76969487947093,58952.317573702974,10.810104472511334,10.859254472511333
271.59088967539276,413.8067970737698,1258.7152108065677,14.98653797909784,15.035687979097839
621.7561627687286,416.2417887027141,10931.304938544752,12.63967665636722,12.688826656367219
768.4235355526978,413.9772660917769,833.3442028455719,15.434295633633935,15.483445633633934
31.685481083054427,414.12194289829523,654.3387275108184,15.696850117399947,15.746000117399946
177.88496165119074,415.68413642867847,4401.974027704426,13.627237990571489,13.676387990571488
522.8473512389039,416.16933774264464,5792.314014771877,13.329226435284939,13.378376435284938
746.1849645826285,414.0327973418272,9.848188872149649,20.25296575747825,20.30211575747825
965.3715067701227,416.49162709902225,1062.1818305589766,15.170859509620229,15.220009509620228
261.47909029829844,418.07612792363113,7516.065243543355,13.04638032673585,13.09553032673585
303.38796752399713,418.12263718455813,1484.8883225476688,14.807122200416382,14.856272200416381
908.1777663877178,418.6832054413042,6199.34611339383,13.255491970223522,13.304641970223521
33.815202184968506,417.6587674428027,643.3627102023485,15.71521696699726,15.76436696699726
595.4769011402815,417.5646991711469,377.6981702703848,16.29349447781371,16.34264447781371
855.8750499791684,418.39135433371126,1233.0834065749727,15.008875546243821,15.05802554624382
434.3020501573306,421.6898179861205,3173.598349426732,13.98247677615088,14.03162677615088
16.92821148595813,422.43781418825023,1275.9706364860883,14.971754979588049,15.020904979588048
542.1509865103151,421.863363368502,3527.881565298867,13.86757168767714,13.91672168767714
326.35235858242015,431.9190339097714,7667.002983606746,13.024792599476218,13.073942599476217
771.0456283088043,426.71871977151295,6256.823056470321,13.245471996971526,13.294621996971525
657.805448120185,432.96635125922234,175840.8833306064,9.623557038259497,9.672707038259496
65.79765800893817,427.6258084351574,1131.7825657138048,15.101949180978522,15.151099180978521
431.5131856682364,428.51122788452324,2566.5713576837766,14.212973321790765,14.262123321790764
607.0944450009953,428.5107670081815,1809.5566366023568,14.592426228956738,14.641576228956737
862.5466340165638,430.02639977707116,1383.4126996041339,14.883977284766981,14.93312728476698
11.677715499405974,431.3547001478153,3605.5781606894725,13.843919393854494,13.893069393854493
27.665970056703763,430.30561502949394,644.4978829513327,15.713302942330353,15.762452942330352
537.3005728657017,431.25152199557976,1874.278876063107,14.554271153819343,14.603421153819342
743.0292292069117,430.3493865290604,-307.58343057594846,,
445.3373142472835,431.5713475466369,920.482861565868,15.326317413121416,15.375467413121415
35.55209884598709,432.90655161993027,1311.7365238949424,14.941740152191082,14.990890152191081
925.6940819162442,433.26371302913407,3252.7716532287122,13.955722738666557,14.004872738666556
211.71872215252682,433.22191851823396,1171.6790852427364,15.06433498580745,15.11348498580745
153.42735868507512,435.09947972166964,520.9538413023482,15.944358568406006,15.993508568406005
280.52184736034815,435.58082402710477,465.64291152978626,16.066224189911587,16.115374189911588
399.1233148031704,435.4429669045331,278.30048837700906,16.625071758983665,16.674221758983666
473.7970429581594,435.3475052945846,376.88867833292437,16.295823951333524,16.344973951333525
485.37523131606457,437.24891864053996,423.58484141019085,16.169005655470293,16.218155655470294
407.59392296090664,437.61187264741164,-17.756824714737405,,
603.5802669266914,457.727148339316,2442763.297298014,6.766653214965963,6.815803214965963
40.76417901684445,438.3540457530376,1086.6447704427994,15.146137694454954,15.195287694454953
919.0319989763274,440.2837743830819,5427.01230861542,13.39995466369857,13.449104663698568
210.34056138168563,442.0701284124473,2545.927434851802,14.22174162752781,14.27089162752781
1048.9549392924087,440.46682862325974,636.756857068758,15.726422603967565,15.775572603967564
584.777134742303,441.58127981562103,2010.1112330726355,14.478306453776582,14.527456453776582
630.781633649021,441.8062853615465,4086.057666355593,13.70809545133265,13.757245451332649
930.71222324031,441.8835999320924,1078.0243839441473,15.154785219346913,15.203935219346912
56.75171580875564,441.8705912653062,1036.0007236657027,15.197956533199916,15.247106533199915
318.9614980420368,451.97704965459894,37485.80313575639,11.301689629957146,11.350839629957145
463.3127614369978,445.3197924700951,24068.337126547875,11.78274146500661,11.83189146500661
779.9271313106863,443.44510453128004,1152.3960061593298,15.082352318921462,15.131502318921461
12.867930095158101,444.7600680475479,2556.1180683656744,14.217404404560256,14.266554404560255
429.12021721799334,443.17580864335247,373.60465183526463,16.305325992405916,16.354475992405916
155.3809919939175,445.8342275227676,2107.1915590158787,14.42709663531721,14.476246635317208
501.01933880543294,446.31896726650774,1898.8091642759773,14.540153382382496,14.589303382382495
666.8126967120094,447.00885885106914,1105.9485230317928,15.127019397707288,15.176169397707287
358.4789794876295,447.4006889907795,4086.519752536632,13.707972673983157,13.757122673983156
973.5040892007547,447.3546666620135,1467.1998565640722,14.820133490458602,14.869283490458601
518.5049993774363,448.0744965050839,823.6392804012479,15.447014053894542,15.49616405389454
898.8937510107379,447.9928581649781,774.1869478158994,15.5142420671784,15.563392067178398
703.7768394460179,463.8893264337195,874161.1455483134,7.882377932149818,7.931527932149818
154.4292327880424,451.9387715585515,2074.024622217304,14.444321910376456,14.493471910376455
391.77396944687774,451.003950252046,924.3366575510909,15.321781238314095,15.370931238314094
1064.1587612192552,453.0857470353343,1523.249480046271,14.779429083749465,14.828579083749464
404.2979029119606,452.8560436633701,3519.2193641046415,13.870240833551534,13.919390833551534
864.5983184192155,453.11182809138694,1747.7393536480658,14.630165016867954,14.679315016867953
534.3239749443264,454.8624555047436,2323.9865606077583,14.320772649524926,14.369922649524925
296.50211526347937,457.0478605780209,2248.1744609090338,14.356781655247161,14.40593165524716
411.7326391321768,456.5530416995303,2017.481157946855,14.474332961716577,14.523482961716576
1077.6236800251918,459.33201226410785,3584.0684002851413,13.850415956684616,13.899565956684615
952.3258428801987,458.127528958218,-200.0599897905699,,
524.2865451845155,460.0019564395029,1666.6956789106944,14.681715906467446,14.730865906467445
971.0232459300885,460.11102451403116,1303.318978140648,14.948729882036693,14.997879882036692
23.412745381524374,464.23922779565294,4884.891282116286,13.514219423812127,13.563369423812127
174.69932843899852,463.09823952324894,798.9596338479272,15.480044585537058,15.529194585537057
568.2344080722854,463.3487732905273,2222.265967897655,14.369366591460174,14.418516591460174
63.93114379619513,464.0739853834282,705.8648046508515,15.614552860278902,15.663702860278901
343.486126786166,466.54075946568696,5546.566100778115,13.376296197562182,13.42544619756218
255.72275310004977,466.5272710325984,569.5404326997837,15.847545277990026,15.896695277990025
383.07948561839635,465.97449252782,440.79375978905273,16.12576808591755,16.17491808591755
504.9546290969026,466.03010200938866,2452.114514230001,14.262504810235885,14.311654810235884
1058.9605612217886,466.9895568958092,2910.4818998116953,14.076444423213493,14.125594423213492
297.7876887009183,467.10208665376194,800.7346210397512,15.477635164309039,15.526785164309038
372.78000551283463,470.504743516639,1426.0572961678345,14.851014242726091,14.90016424272609
662.298562486905,474.74489343525244,3507.423650230923,13.873886114980504,13.923036114980503
445.4601334611997,472.7512970384622,1166.5830001180125,15.069067571532177,15.118217571532176
676.0486791227652,488.5900416675969,727275.5557224101,8.08210920299743,8.131259202997429
263.6777523998665,474.9783405958224,700.6156180699597,15.622657144257392,15.671807144257391
504.6606661202619,476.5082291226242,4031.937821996791,13.72257211494656,13.77172211494656
310.5836486636589,477.69363452827827,6264.77200632851,13.244093504252842,13.29324350425284
226.7806865345455,476.70807828990075,568.9425910136677,15.848685564510728,15.897835564510727
809.6709477887932,483.422950245831,97163.44700790223,10.267599396117937,10.316749396117936
294.2874541102702,478.7721682119071,384.08759627620293,16.27528097441305,16.32443097441305
448.1742915992022,478.44104732412404,1398.1337088634561,14.872484913542952,14.92163491354295
937.2060088620126,481.9024556124914,1832.57687136426,14.578701177359976,14.627851177359975
199.51148622678596,481.1846369667343,489.4823247683209,16.01201414506399,16.06116414506399
601.6737434726856,481.5695849978759,2955.5991125181913,14.059742861428708,14.108892861428707
755.8376647405969,482.21406431770765,-112.5350430558328,,
1065.753847260041,482.72393121666613,1238.0593098010959,15.004503054481305,15.053653054481304
765.4977077643921,482.99966868699835,186.39634814321153,17.060263181501316,17.109413181501317
795.5347522130668,484.8660001926612,2592.7168805884266,14.201968941919827,14.251118941919826
1018.9400202971265,484.1093856270806,1692.8396762082357,14.664817106823321,14.71396710682332
337.335305622543,486.0462362632265,2329.3801730683344,14.318255743688574,14.367405743688574
925.7638424551564,483.7873629871849,909.328594936255,15.33955455958836,15.388704559588358
489.2967877501885,485.8620360838254,-205.98424665756323,,
840.8885467914015,486.3217464927787,2014.3257174750825,14.476032436303289,14.525182436303288
177.78544220817227,487.63149439570617,1141.6397649883631,15.092533961419637,15.141683961419636
1053.575862719743,487.56739994645466,2762.169405589283,14.133230903596246,14.182380903596245
81.65038262778408,487.23122043438025,782.2598213975848,15.502979118906646,15.552129118906645
92.45511735740968,489.7197756720076,845.3352166906377,15.418784274945686,15.467934274945685
372.90074730579283,490.1123368449228,686.4014602192428,15.644911183280183,15.694061183280182
539.7523163513085,491.08343520773656,4264.8271456396,13.661603095601095,13.710753095601094
109.50122351519968,493.3890341353599,1818.8964518380722,14.586836740711297,14.635986740711296
626.5243598624875,493.247447839426,2813.170067644717,14.113366710535544,14.162516710535543
713.6148924004905,493.86066661754114,1802.6227198557106,14.596594578840119,14.645744578840118
744.9125341547588,496.8948049809215,3154.4289286449366,13.989054812849119,14.038204812849118
311.8846230573685,501.50347768044935,19055.211525087514,12.036322244923449,12.085472244923448
1014.6814436451864,495.7247273814331,2006.8877496046002,14.480048975232531,14.52919897523253
325.76997809799315,497.2799998683623,1964.4564741709594,14.503250653301215,14.552400653301214
412.83278377287144,497.85858241494685,1753.4336591471042,14.62663333244679,14.67578333244679
525.4411598427055,497.825611768057,-257.4415572227929,,
331.520534556286,502.13849218656384,1726.503487300581,14.643438030375746,14.692588030375745
493.51531894055205,497.68429877610413,-312.23980998496404,,
5.680405069555356,499.60068061807664,746.7427855322471,15.553429091456465,15.602579091456464
228.801668011119,499.300301586929,502.515079466982,15.983483933649808,16.03263393364981
349.81792384676965,500.00806733824913,1130.7595255418655,15.102931042782188,15.152081042782187
461.1650128499152,499.9756117657837,389.9169478226707,16.258926399380524,16.308076399380525
566.2586647072377,499.23787046119526,705.1165746595768,15.61570437153068,15.664854371530678
725.1264071388973,499.49572618428937,-42.654309197186166,,
122.38430088614754,502.09918012822703,2756.0642845332363,14.135633322211223,14.184783322211223
245.34794574994964,503.919586611585,873.2317900159924,15.38353283557553,15.432682835575529
943.3961902514419,504.071569086803,1320.8233414910833,14.934244842274868,14.983394842274867
955.4480828372638,502.0801026634749,503.9078683992951,15.980478830600468,16.02962883060047
1059.939523895251,508.75279436724855,74479.50403725292,10.556264740144544,10.605414740144543
510.9146481938136,504.67417383044545,1129.5807269622892,15.104063495660093,15.153213495660092
928.1149288862813,503.12034206842696,548.5328717016243,15.888350033940934,15.937500033940934
295.12493868899014,504.80844072720566,197.89086962889078,16.99529228760631,17.044442287606312
677.633948700731,504.3679373302651,3944.899827860608,13.7462667308227,13.7954167308227
57.76263978639951,509.1156750592077,599.5898721799094,15.791720958972018,15.840870958972017
167.87084117725064,509.76025662701284,1993.9532303689512,14.487069261628918,14.536219261628917
653.6556026277988,508.5993688656346,8550.944496959031,12.906321461390686,12.955471461390685
214.0924817652979,508.30538159800795,1000.153698171702,15.236189817283382,15.285339817283381
1015.0418612111517,512.6786002476447,30378.983816559776,11.529923573811656,11.579073573811655
153.8975836339169,510.4734354427494,2993.3964295527103,14.045946089360829,14.095096089360828
204.4542426184872,508.112123555225,764.107321302321,15.528470777879196,15.577620777879195
695.7063560993746,508.5865177347604,-157.05693174669972,,
1041.482706299073,509.1531421680014,400.9013690257183,16.228762831850368,16.27791283185037
263.3597438037185,512.0586193098852,106.62773193866974,17.66668125138656,17.71583125138656
859.7208486281799,517.4356247025414,54857.98229687275,10.888257105127273,10.937407105127273
996.2172256336336,515.8364103934284,8055.933597765186,12.971066985571973,13.020216985571972
375.28004748591525,513.4141319615343,9.229733171602419,20.323383815370203,20.372533815370204
434.31269742880875,515.164973021081,6598.794373298041,13.187695191598372,13.236845191598372
478.7407578992674,515.9483940774815,2414.226323065789,14.279411727976864,14.328561727976863
313.5731304310405,516.9529494244915,5096.169996439986,13.468246913560051,13.51739691356005
108.77375442956847,518.2285891837628,872.5157083654412,15.384423543788362,15.433573543788361
589.8146349936329,517.619085867277,622.7221770482407,15.750620848739002,15.799770848739001
145.1865383862936,523.7668216448832,8359.749183695685,12.930873561224816,12.980023561224815
776.4020648575382,519.0340592702863,1737.483245641498,14.636555116558188,14.685705116558188
430.29199346593595,523.6794451253879,9595.89639531184,12.7811428042716,12.830292804271599
786.252373978345,523.5685955746266,23782.327604580823,11.795720786934265,11.844870786934264
1049.417839074704,520.0457499946948,794.9308884191631,15.485533248686707,15.534683248686706
264.1267239823637,522.9058706538615,2218.5274630552058,14.37119465713408,14.420344657134079
308.2580489349354,525.9699505897923,20379.98546505284,11.963347005297726,12.012497005297725
483.4959002886887,523.0971228465281,2616.1261574699765,14.192209972272451,14.24135997227245
340.47925444552254,533.3394354316142,168367.5659196315,9.670710596704224,9.719860596704223
751.8121531949326,534.0427563264986,575724.4276050953,8.335820038448839,8.384970038448838
798.8035742071162,523.903643262578,501.8309247192138,15.984963128451414,16.034113128451413
206.04353331564138,525.5074406987519,465.57923491309054,16.066372674370456,16.115522674370457
234.7828200216393,524.7076525612241,666.0065970027047,15.677660352595904,15.726810352595903
359.8400712863242,526.8296133304208,3183.360023852789,13.979142284700185,14.028292284700184
846.9919921278525,528.79579098222,5423.420796335646,13.40067342487919,13.44982342487919
687.7076381809412,526.8799762603019,36.654616212412805,18.826034988530807,18.87518498853081
589.2502304453207,533.6221695591644,63694.39721962529,10.726103600218533,10.775253600218532
126.3727076136072,530.6990952238149,915.1089553346915,15.332674666593537,15.381824666593536
888.5041283511518,529.1486396665335,2023.6472251868363,14.471019665525933,14.520169665525932
894.6189278923961,529.7945200469215,1951.7945913328754,14.510271404673091,14.55942140467309
1071.6001465373242,530.6486171502088,1375.634202034361,14.890099267543484,14.939249267543483
398.9765847940079,531.9670602797742,4476.612372426392,13.60898295344356,13.658132953443559
17.6365652546537,530.9275271781669,103.2198209101598,17.70194892708222,17.75109892708222
625.0161562592118,533.6510880399244,2644.5089515116124,14.180494076581365,14.229644076581364
1012.7991578504664,535.1592048915121,14146.323127906357,12.359747745279071,12.40889774527907
250.17058113422812,534.5830518171988,2617.029961731574,14.191834943132775,14.240984943132775
835.1223473366255,537.7080079245371,3621.264662930357,13.83920601331689,13.888356013316889
872.9944742622563,544.9962504438133,151352.8608306044,9.786380094414238,9.835530094414237
82.0905406590849,538.0584007503095,1821.3578412860663,14.585368480622977,14.634518480622976
120.01088818201136,537.4333262099956,414.3906333132285,16.19283185446928,16.24198185446928
367.55301669054313,542.0773529016969,24690.181970983904,11.755045953203954,11.804195953203953
126.97134900923905,538.9213551288839,1069.5908851670713,15.163312446875842,15.212462446875842
789.3445417652807,539.3594675257287,833.0461365874394,15.434684043628478,15.483834043628477
1057.1588182653447,541.8925744988534,12627.2300159115,12.483086451157092,12.532236451157091
271.4275164121014,540.4192459529507,1559.3206369182005,14.754018113571554,14.803168113571553
449.9351574091754,540.6593803883925,1101.340422060848,15.131552731994198,15.180702731994197
699.3882533430939,541.903977470776,1132.1907081963323,15.101557714277138,15.150707714277138
165.0498018812695,541.9309824580022,269.20845449168365,16.6611349431686,16.710284943168602
264.9436295577673,543.9632783378813,1928.8694916606398,14.523099570026389,14.572249570026388
582.2186405399198,543.8392770134478,1460.8149266229016,14.824868685533417,14.874018685533416
11.359655499377924,543.68546174213,1214.3115435164596,15.025531371288345,15.074681371288344
622.7854900806187,545.3127262321522,1399.6830570344196,14.87128241622758,14.920432416227579
641.2979415989242,545.6398716970723,1776.2412365031255,14.612601809508673,14.661751809508672
220.51644783243393,546.1901036102997,375.6393945203358,16.299428850500327,16.348578850500328
331.84719690811613,547.2446001843679,994.9285934934995,15.241876899282273,15.291026899282272
823.174134836886,548.133325003711,3460.560769776358,13.888490479762183,13.937640479762182
893.7847932089713,546.2497213203744,703.0058408398136,15.618959346833845,15.668109346833845
252.37466600147135,548.2633161207198,617.678859958004,15.759449835441718,15.808599835441717
398.23269479965325,548.7859427109236,267.5582686352905,16.667810737685166,16.716960737685167
299.8671661688591,549.2406439212575,561.1862675433653,15.863589092321542,15.91273909232154
358.40772883086635,549.6908053501991,1718.516791005518,14.648472230559683,14.697622230559682
464.467111040606,551.4935737464767,9620.521169007543,12.77836018124831,12.827510181248309
9.33988774948569,555.8716315146563,2901.203561455847,14.079911175328288,14.129061175328287
268.9272147243468,550.8881295790546,2573.8811761468514,14.20988544582929,14.259035445829289
594.0444381723901,552.9198503140009,596.1950633742816,15.797885740984924,15.847035740984923
683.2242634290905,558.6411140519348,101344.99265782477,10.221850941237786,10.271000941237785
1077.5148167298653,554.8864952165111,1791.9256269610062,14.603056728855435,14.652206728855434
436.2119642248163,553.5208781634907,1009.2426244706336,15.22636771943846,15.27551771943846
749.2083241087935,560.1070874792648,5975.902264077253,13.295347965189627,13.344497965189626
85.68581873758919,558.1993979964503,7590.37709497559,13.035698298955642,13.084848298955642
347.2399839414535,554.110529464422,432.12206676307545,16.147340568687,16.196490568687
829.8341084036035,554.5199325363583,1374.9664052180383,14.890626462362853,14.939776462362852
97.53197570882452,557.6571524817343,1125.720235618631,15.107780497854716,15.156930497854715
110.64342444527831,555.1235887059541,868.5922309590194,15.389316828785816,15.438466828785815
265.3386333407379,560.072832105676,7519.871008344855,13.045830702601936,13.094980702601935
290.79500244433814,556.7524881584842,688.8390450074482,15.641062290205504,15.690212290205503
236.767871095289,560.7339739515708,5560.369707137594,13.373597508534727,13.422747508534727
392.6376143285058,559.6118557583276,5204.210351213344,13.445469574681304,13.494619574681304
605.8585456191913,560.283974640292,1562.2099249191936,14.752008198613256,14.801158198613255
25.379085139729437,560.9018210079416,435.2438668330908,16.139525030020877,16.188675030020878
455.10224930696717,562.1812787092439,909.7890604273493,15.339004904029878,15.388154904029877
710.7735280342598,565.7644341831082,9583.72725799855,12.782520565897535,12.831670565897534
126.33235154405251,564.4032614132208,2148.842647228961,14.405845143428197,14.454995143428196
532.8074538038896,564.9572445453417,470.36231916756924,16.055275372550568,16.10442537255057
770.6837921125656,566.4273174676542,275.28234092394194,16.63691079826198,16.68606079826198
6.10993634313591,565.9393808964817,1091.7230806533166,15.141075450040848,15.190225450040847
212.89760233667974,568.3885367566219,5597.714790781889,13.36632976275089,13.41547976275089
507.2220173548082,570.2503804780015,592.3649303768481,15.80488333215575,15.85403333215575
323.57715894701585,573.557692116559,18060.880778297807,12.09450936559787,12.14365936559787
391.2831802739294,570.9493664128736,372.13392862807757,16.309608510557204,16.358758510557205
568.9804032061224,572.7748151428806,21926.6172643561,11.883927590304854,11.933077590304853
928.208426134788,573.573577583176,2372.144876681624,14.29850365598174,14.34765365598174
257.3593508976229,571.6305562740405,1495.5928204756049,14.799323250938713,14.848473250938712
590.5513500811207,578.5186958266935,129070.03714683527,9.959293092513711,10.00844309251371
637.0317184195756,573.9229374456278,18382.009555004865,12.07537421134281,12.124524211342809
267.95167679796583,572.5794957982748,499.9720205203024,15.988992427658225,16.038142427658226
488.31499903003294,590.9065047031849,1067953.7259302668,7.664975591958006,7.714125591958006
917.6411880741427,572.9647055413259,760.9066229274015,15.533028269595127,15.582178269595126
221.01857872403087,574.6941153196794,2869.0061721606016,14.092027973742677,14.141177973742677
541.6803972914195,578.4401168506507,60216.45262275155,10.787068761493364,10.836218761493363
744.2519169968299,578.1572703701731,4383.671721187121,13.63176162062218,13.68091162062218
249.5064609805706,573.8260510858318,900.0687667005454,15.350667451371514,15.399817451371513
798.4888995374529,578.132344417852,8390.351178013141,12.926906333635952,12.97605633363595
108.90163345574145,576.3427575582951,1158.8301722390631,15.076307194327295,15.125457194327295
458.6758589091728,578.8185551709055,1011.4396605779557,15.224006732159548,15.273156732159547
267.07217202353655,581.1928262008339,732.2565613392067,15.57469850053091,15.62384850053091
842.8761767742926,581.7426226780472,894.9905827871478,15.356810516044465,15.405960516044464
95.25817066104005,583.4378866008202,3364.5997474366586,13.919023160155396,13.968173160155395
788.4084893825031,581.6229793357312,1324.9980230180986,14.930818604434744,14.979968604434744
187.18927615296445,583.8287535068481,509.03426274221385,15.96948914167972,16.01863914167972
634.1729429225608,583.4544320109904,2655.7973072621016,14.175869364550426,14.225019364550425
550.1365475219321,585.077491165039,4765.130992788262,13.541169570546696,13.590319570546695
390.33226177435535,587.2651228322335,1829.6358693887391,14.580445015435789,14.629595015435788
717.401529516228,589.3230390514822,12127.87460816365,12.526894934934559,12.576044934934558
462.9083021644076,588.1521901248792,1149.818410862677,15.08478353443595,15.133933534435949
700.0057798043697,593.4249130346491,50661.735795678236,10.974656515863554,11.023806515863553
799.9345526257896,592.7426979313238,11619.74048977951,12.573365608082781,12.62251560808278
832.1913246022108,591.1463285665899,837.8560018968966,15.428433217549863,15.477583217549862
182.73531057056607,593.4237646710145,931.692679797457,15.313174971879086,15.362324971879085
1006.7735164766231,593.6468804922877,1709.28788141038,14.654318646238,14.703468646237999
532.6062208372546,594.6898279892689,1003.1685462749869,15.232921913462313,15.282071913462312
1038.746135677676,594.5598992261149,1319.2298077879923,14.935555541224652,14.98470554122465
302.6356416651467,595.9924992939413,205.3110612885319,16.955325810269542,17.004475810269543
747.3158961320937,597.5342395881557,5079.617900430772,13.471779067715362,13.520929067715361
332.1014417379539,597.0912856197359,2350.750994464203,14.308340108867561,14.35749010886756
978.5654258307583,599.4671686202264,3150.70770735672,13.990336391784163,14.039486391784163
58.68687864608942,598.5009174499312,1038.9809245346676,15.194837744936319,15.243987744936318
727.1387114869103,598.9465285572509,822.6576306576418,15.448308854104855,15.497458854104854
15.8424896977454,602.0046187119902,10411.991038198667,12.692522216050751,12.74167221605075
759.2746330085542,603.3858531974389,7705.973984275104,13.01928783392712,13.068437833927119
1013.7063920704362,599.7989533846331,988.4870174930893,15.24892925566224,15.29807925566224
41.89158452222775,602.1218422597491,3398.3186911845632,13.908196419685602,13.957346419685601
153.28006427597845,601.9416234774322,835.0813810519139,15.432034678188831,15.48118467818883
538.74115338608,602.4446070449831,1988.1066081297374,14.49025750804387,14.539407508043869
333.8681294803303,605.1397965667081,4432.421987946058,13.619753928586263,13.668903928586262
523.5714819235642,603.5995741051424,1226.6043629635658,15.014595417341166,15.063745417341165
112.5081807551717,608.0033609669325,7173.575595266761,13.097017481955811,13.14616748195581
786.6845958058238,606.4475089658102,5094.412598048093,13.46862139088978,13.517771390889779
855.1047125159691,606.429035247914,4703.491858136621,13.555305688662898,13.604455688662897
959.5344585956651,605.9244433970375,2321.2441390462236,14.322054629653156,14.371204629653155
645.2768286736998,605.124062095373,-157.08740497089423,,
984.2077688779647,606.2539607504757,1981.6427406234084,14.493793278471752,14.542943278471752
497.77347847011356,606.0071650215758,4247.473406713459,13.666030009013538,13.715180009013537
699.8854834008881,606.3070891840332,3380.9385606322885,13.913763483340475,13.962913483340474
420.6988081643943,609.4774803464892,1469.8179300828283,14.818197827711273,14.867347827711273
631.5025212497036,610.5535014073658,122.8414836082491,17.512994047730643,17.562144047730644
242.71655446880794,611.7264353162665,2376.755510129109,14.296395406565686,14.345545406565686
607.0338846949298,611.5801746205534,2303.674288461837,14.330303992300786,14.379453992300785
837.9860816337158,611.9860835312895,2095.2103186895424,14.433287619437824,14.482437619437823
173.31846454279096,612.7375298643426,1625.248432900661,14.709057290240871,14.75820729024087
1007.5698623270978,611.5325514757516,1098.949706856089,15.133912136365861,15.18306213636586
270.9386151643968,615.9855962578049,17185.279261362874,12.148465195553964,12.197615195553963
376.34494325786125,612.4527953337778,994.1471265837857,15.242730026140931,15.29188002614093
507.62530650603264,615.4581043667207,11170.114008891303,12.6162126656088,12.665362665608798
905.3710443373208,613.9993065437419,1310.5475491355792,14.942724723652674,14.991874723652673
696.91578926698,617.2573005961013,19869.32546017008,11.99089887117518,12.040048871175179
123.41623001657312,615.9676885236127,497.66858230813256,15.994006118358879,16.04315611835888
251.14519025491705,616.6657157093988,1316.4790665834626,14.937821785747358,14.986971785747357
358.9881506051936,616.7537201120123,703.7301188003097,15.617841333367117,15.666991333367116
991.9458673890738,619.1208404813866,4700.719497203122,13.555945838615216,13.605095838615215
1078.3693652203904,618.2138828754497,26.12804532697851,19.1935893781099,19.2427393781099
595.7630870558665,618.3697635340349,848.2615379017926,15.41503224124699,15.46418224124699
381.1475217453699,621.8409425822653,3388.1521508429423,13.911449418023096,13.960599418023095
175.72264847938672,621.2422438566855,760.4079358932936,15.533740078450212,15.58289007845021
503.01738748038576,623.4349345570253,4139.5667700590075,13.693969450043944,13.743119450043944
512.2755800454927,623.4800060111586,3029.0765871039343,14.033081044721234,14.082231044721233
640.2162816847484,624.6697047642992,487.0953962094075,16.01732161800674,16.06647161800674
585.9475081234114,624.4309277628364,464.04641700089473,16.06995312077347,16.11910312077347
155.2812106530803,627.1404412689371,2841.911326750811,14.102330372738013,14.151480372738012
626.5539978576104,625.024995480831,504.7793572166155,15.978602714451844,16.027752714451843
725.5102761999792,629.1819184360816,28551.118158605157,11.597298876731193,11.646448876731192
822.3760922399568,626.0720577411073,1309.869156289965,14.943286890493134,14.992436890493133
895.1187105692549,625.6698400984305,261.7297906627934,16.69172378560408,16.74087378560408
925.1893276751119,632.9814833490789,158254.82534507356,9.73796427773851,9.787114277738509
339.1343316859086,627.8901242847285,1492.2621705089061,14.801743856197664,14.850893856197663
541.7206763759549,628.6119269441303,580.8091813382496,15.826272997620787,15.875422997620786
132.98406377743325,633.6966114137244,878.2591485789034,15.377299974101879,15.426449974101878
281.72538686911554,632.7699427240589,416.6142228466961,16.18702144937969,16.23617144937969
180.9248982131662,634.4658060881483,1411.5897146767406,14.862085466925068,14.911235466925067
995.3319452440729,636.7985116731443,3521.8067502282966,13.869442876301845,13.918592876301844
173.28865900665622,637.6087860119854,2080.1429645387047,14.441123719433993,14.490273719433992
525.0345244276307,639.310878675917,6681.31199368477,13.174202299513965,13.223352299513964
945.4108271758644,637.3218572290838,1548.8153114595254,14.761357596668283,14.810507596668282
322.5194137480352,638.5443115586216,422.94511431243745,16.17064664879539,16.21979664879539
386.79170662340283,639.9041545452897,2473.978027502472,14.252867084759895,14.302017084759894
785.5193566584894,639.566341615216,363.4255175019694,16.33531813631293,16.384468136312933
75.07202201129829,642.4725658156373,3751.0128907539156,13.800985288499152,13.850135288499152
213.69836514712446,640.3253285529612,487.08996725376784,16.017333719222613,16.066483719222614
735.3880479644143,639.797153908659,662.8224818696474,15.682863603716171,15.73201360371617
400.11516627769026,643.163054236198,2170.642137821119,14.394886106270969,14.444036106270968
534.372871265388,641.8142653851895,1991.2277047241175,14.488554364754306,14.537704364754305
639.7021677436127,642.5749635664866,325.13506062838553,16.45619717075122,16.50534717075122
286.9926155848511,645.088501475472,3372.913687295527,13.916343610740592,13.965493610740591
837.5450429938336,649.6672553581213,117311.10346694365,10.063008880314234,10.112158880314233
94.39168715778503,648.8871132487448,1509.112097457371,14.789552928770922,14.838702928770921
173.3289087704022,646.1342381649418,1593.753928639484,14.730303509317395,14.779453509317394
927.3821184391937,647.9756025834304,3674.691938162173,13.823304338697984,13.872454338697983
1021.2906822632673,646.2078551998676,191.82540944100208,17.02909134550024,17.078241345500242
70.11262413874427,649.5650029118286,2013.7787991566997,14.476327269280194,14.525477269280193
262.4386049697039,651.3762649202897,2529.5519432152078,14.228747675433443,14.277897675433442
676.502458139999,651.9970835409025,1142.5547738367,15.091664107061291,15.14081410706129
507.61340218362295,652.2204023262516,1840.3711006941421,14.574093167805435,14.623243167805434
656.4483102274841,653.965435375861,2054.3289130041585,14.454681733794292,14.503831733794291
514.8055425804426,654.4401318405621,1665.4709838661774,14.68251400328796,14.731664003287959
646.9958214439744,653.1458145186783,1056.5487143038126,15.176632865453374,15.225782865453374
463.47852216009,656.1771386443065,1089.9986265186785,15.142791803387997,15.191941803387996
103.81275044508526,655.4876410400124,610.813326298058,15.771585421077367,15.820735421077366
62.053074336717614,656.2774854977769,-143.38137709172065,,
586.2750154530801,658.2446154581806,6355.87366924961,13.228418538910125,13.277568538910124
700.9487625688747,657.4293523114492,683.6263991641115,15.64930961701707,15.698459617017068
715.5100392223152,656.3601901075181,655.5919221930617,15.694772695585993,15.743922695585992
687.1544973367625,658.313337558308,4910.829429170225,13.508469555683078,13.557619555683077
84.97979030726187,661.8153322388624,4154.1618325725785,13.690148152073245,13.739298152073244
204.58328143462455,659.0231239683583,318.57430219523,16.478329828875673,16.527479828875673
308.293969070542,659.5725618600271,843.5415408903459,15.42109049353677,15.47024049353677
491.79868336876854,660.8182961090503,2887.0132009511212,14.085234755856813,14.134384755856813
658.9930080402627,660.3834037907512,2011.363404208058,14.477630319918811,14.52678031991881
628.1141051531107,661.0482067207113,374.83208394273504,16.301764786470848,16.35091478647085
31.420792248206727,662.1889068094766,-31.08734186995217,,
296.21653314522405,664.123600462766,2715.472194111606,14.151743279971615,14.200893279971615
611.8871650401381,666.3221950817776,2985.6175468017873,14.048771243954548,14.097921243954547
909.0193828852911,670.4034919298379,62237.18168510491,10.751231884954262,10.80038188495426
376.1779643425967,665.8571815029306,622.1883395795405,15.751552010770343,15.800702010770342
525.1793607554915,664.972284532111,-41.104392584284604,,
687.0052244941638,670.8601672400991,64234.422700906885,10.716937116863736,10.766087116863735
1004.9413277201771,665.7669214646924,924.6319089863828,15.321434488043344,15.370584488043344
140.45526376438195,667.6008990797676,561.2013218207146,15.86355996695681,15.91270996695681
597.9886714869742,667.5253621940344,151.314031175119,17.286658676341258,17.33580867634126
974.6124365380517,667.6854833159674,275.8036735479899,16.634856564045762,16.684006564045763
946.3257769026228,672.1406313623777,6350.715159606126,13.22930009430877,13.27845009430877
23.565687907394516,674.0720051719517,1325.3840856805427,14.930502301203216,14.979652301203215
55.67211693320833,672.5281617936373,7995.942027912544,12.979182588278556,13.028332588278555
716.9673318605447,671.8645060027967,2688.8957730630336,14.162421759046405,14.211571759046404
781.8510956169827,672.5248921011959,4049.373847960477,13.717886995796508,13.767036995796508
794.719951391632,672.1290713370275,1258.7713319488362,14.986489571485734,15.035639571485733
152.62195815387417,673.4860066708972,874.1029284888104,15.382450242014441,15.43160024201444
229.43989163987956,676.1512269018269,1450.5341405544204,14.832536792509316,14.881686792509315
1042.3766556289968,680.2170146665521,661.1373653870993,15.685627423126705,15.734777423126705
1059.7467819236745,681.2346484770584,3624.1736975564827,13.83833416975766,13.88748416975766
422.70869750967574,680.6163710395082,745.2904760622985,15.555542751400408,15.604692751400407
522.8973707340376,679.4208193412509,1552.7352743382653,14.758613132074082,14.807763132074081
834.0292135211746,682.0512912182884,474.60365119789407,16.045528992661296,16.094678992661297
683.0473887532909,684.2007908300923,2720.4011905750212,14.149774289525581,14.19892428952558
14.437481211192564,683.6080088727249,762.2997263419395,15.531042270473481,15.58019227047348
523.9130033199212,686.2026394873454,2098.1183056042146,14.431781747866461,14.48093174786646
388.9142786406197,687.4269891628225,1605.3356927999507,14.722442025526291,14.77159202552629
704.5111234068067,686.7746719502866,1298.0355215040977,14.953140236753992,15.002290236753991
992.0106157955038,685.5801548260965,1092.2004695948579,15.140600782815635,15.189750782815635
351.1831196218991,686.7179424297572,519.1904226593492,15.948039998695126,15.997189998695125
939.8981196424862,686.7756482883341,422.43622903570576,16.171953787260414,16.221103787260414
181.93785303124943,687.5852434981824,434.02304400010655,16.14257470878887,16.191724708788872
209.67628395197252,688.433145295074,284.71620725185505,16.600326205802318,16.64947620580232
269.96105005176815,690.6651739180022,1068.9067242023727,15.164007157359823,15.213157157359822
996.1808374016077,691.8753143978889,1566.358495684181,14.7491287627103,14.798278762710298
68.94418120142367,691.2707726570799,14.287227175556609,19.848986804304417,19.898136804304418
192.71034757517285,691.921449685284,1765.1978016767034,14.61937323533397,14.66852323533397
784.1637604938078,691.0202122003199,596.3448057787616,15.797613077982216,15.846763077982216
975.5999424132284,692.1591781536347,1434.2215336956099,14.844816083127881,14.89396608312788
274.7343566494208,692.5443458241448,1320.421681299748,14.934575063069486,14.983725063069485
867.9573892219177,692.3149347711845,915.0153429336744,15.332785739238364,15.381935739238363
41.924775212221014,694.9894813856621,1011.1300195465863,15.22433916914223,15.273489169142229
163.36169347546485,693.4356451675541,1399.1803300623853,14.871672452327973,14.920822452327972
732.0465291022532,694.2399831334398,484.6680200053561,16.022745768915847,16.071895768915848
500.0676660142108,695.3341759967709,514.6945173416681,15.957482824984258,16.00663282498426
624.1660942022755,697.2179597598474,2818.588518727901,14.111277483790555,14.160427483790555
301.49063718761795,698.6052001386497,1674.325333617466,14.676757059029,14.725907059029
433.6497192326488,698.6979661909543,421.1456366012578,16.17527591658061,16.22442591658061
