ra,dec,x_v,y_v,B_mag,V_mag,R_mag,B-V,V-R,V_0,B_0,R_0,B-V_0,V-R_0,SS_Blue_0,SS_Green_0,SS_Red_0,SS_BG_0
122.8836970859146,-48.81190096391898,57.02698333466314,2.3089374348514284,13.607291312550489,13.932803490634406,13.107318702061844,-0.3255121780839172,0.8254847885725614,13.746803490634406,13.361291312550488,12.967818702061845,-0.3855121780839172,0.7789847885725614,13.614163984743357,13.78378934310028,13.143615659776357,-0.16962535835692272
122.7276748224684,-48.86011012797628,229.2695589355336,1.0254573551247228,10.103855036910996,9.815909328006436,9.603882426422349,0.2879457089045605,0.2120269015840872,9.629909328006436,9.857855036910996,9.464382426422349,0.2279457089045605,0.16552690158408723,9.724249240301123,9.623953128383116,9.517487806739165,0.10029611191800747
122.6983439166534,-48.869032458989714,261.5422361392467,0.6344195712605811,13.801779034872334,13.93622154246052,13.301806424383688,-0.1344425075881865,0.6344151180768325,13.75022154246052,13.555779034872334,13.162306424383688,-0.1944425075881865,0.5879151180768325,13.68827781465289,13.773832517991693,13.299889447999055,-0.08555470333880244
122.55024423582763,-48.91526379408348,425.18905759200993,0.484664798433205,14.340301886333856,14.394119699677518,13.84032927584521,-0.0538178133436613,0.5537904238323073,14.208119699677518,14.094301886333856,13.70082927584521,-0.1138178133436613,0.5072904238323073,14.176007108740363,14.226086946611574,13.822287360611671,-0.05007983787121084
122.53361405565464,-48.92056214365014,443.6264781548598,0.6363054979456847,14.484324722762771,14.444182482952575,13.984352112274124,0.040142239810196,0.4598303706784516,14.258182482952575,14.238324722762771,13.844852112274124,-0.019857760189804,0.41333037067845163,14.260835111682347,14.269572526165861,13.947518186409814,-0.008737414483514172
122.21780023245952,-49.01923884875619,792.1892170661542,1.6847462839322158,13.656669482051043,14.002668922405816,13.156696871562398,-0.3459994403547721,0.8459720508434181,13.816668922405816,13.410669482051043,13.017196871562398,-0.4059994403547721,0.7994720508434181,13.67644912947455,13.85508888323065,13.197091281731081,-0.17863975375609975
122.41133971702456,-48.96126551107666,580.2676497174692,4.284373366902248,15.38954020579915,15.331465832504623,14.889567595310504,0.0580743732945272,0.4418982371941187,15.145465832504623,15.14354020579915,14.750067595310504,-0.001925626705472798,0.3953982371941187,15.154753350623597,15.155600626374007,14.849147242749329,-0.0008472757504094375
121.971242868111,-49.105702610540035,1069.9325633868075,16.57249572459093,12.153611811215704,12.406772864896642,11.653639200727058,-0.2531610536809374,0.7531336641695834,12.220772864896642,11.907611811215704,11.514139200727058,-0.3131610536809374,0.7066336641695834,12.114903275034694,12.252694138654308,11.675465933560975,-0.1377908636196139
122.64886192943209,-48.89416403245857,322.546081631952,13.820717219946117,13.404091818771462,13.600811008331137,12.904119208282818,-0.1967191895596745,0.6966918000483187,13.414811008331137,13.158091818771462,12.764619208282818,-0.2567191895596745,0.6501918000483187,13.329824908194057,13.442781351600313,12.914657568292482,-0.11295644340625621
122.7752753790215,-48.85692921438497,184.27588874670215,17.16423708732491,13.170138165555066,13.381871539783065,12.67016555506642,-0.2117333742279985,0.7117059847166445,13.195871539783065,12.924138165555066,12.53066555506642,-0.2717333742279985,0.6652059847166445,13.105330191318705,13.224892875979025,12.68370675200975,-0.11956268466031972
122.85788828759392,-48.836530979313885,96.4494515992239,24.87067667298412,11.680288333473976,11.74861686076224,11.180315722985329,-0.0683285272882638,0.5683011377769116,11.56261686076224,11.434288333473976,11.040815722985329,-0.1283285272882638,0.5218011377769116,11.525135305665582,11.581599857672419,11.16517595054071,-0.056464552006836755
122.21037032665248,-49.03638588078347,809.9266676874572,22.102026437758283,16.146099562832962,16.2363843836135,15.646126952344316,-0.0902848207805391,0.5902574312691851,16.0503843836135,15.900099562832962,15.506626952344316,-0.1502848207805391,0.5437574312691851,16.004778999924703,16.07090432106814,15.635378438598153,-0.0661253211434385
122.6646367279245,-48.899016306831754,311.4909405974934,27.242612098746537,13.70407643425604,13.994563797553296,13.204103823767396,-0.290487363297256,0.7904599737859002,13.808563797553296,13.45807643425604,13.064603823767396,-0.350487363297256,0.7439599737859002,13.68888347313331,13.843097912984103,13.233395818524576,-0.15421443985079186
122.09247908114229,-49.08126655564435,945.0172994678306,33.9897830508773,13.605508702973005,14.05404323152417,13.10553609248436,-0.4485345285511659,0.94850713903981,13.86804323152417,13.359508702973004,12.96603609248436,-0.5085345285511659,0.90200713903981,13.689885455960239,13.913640648522753,13.166437520292321,-0.22375519256251408
122.85542898927277,-48.844672109699935,104.00426510150128,34.95353650621989,13.997612619937662,14.457566673207712,13.497640009449016,-0.4599540532700494,0.9599266637586954,14.271566673207712,13.751612619937662,13.358140009449016,-0.5199540532700494,0.9134266637586954,14.089183673497793,14.317963456936615,13.560825342200754,-0.22877978343882255
122.26529727329132,-49.03075955461317,756.8021804036695,37.640666659260965,13.635208331458816,14.112219268760343,13.135235720970169,-0.477010937301527,0.9769835477901748,13.926219268760343,13.389208331458816,12.995735720970169,-0.537010937301527,0.9304835477901748,13.737525221958778,13.97381003437145,13.201832430528203,-0.23628481241267174
122.42237719707867,-48.987484332002566,587.299347490883,44.97319125526318,14.672785801809932,15.016469087714617,14.172813191321286,-0.3436832859046852,0.8436558963933312,14.830469087714617,14.426785801809931,14.033313191321286,-0.4036832859046852,0.7971558963933312,14.691106271929883,14.868726917727944,14.212744370599951,-0.17762064579806136
122.15499162777174,-49.072600535588904,883.126620486596,48.45876772543338,14.44006768316406,14.939630702426472,13.940095072675415,-0.4995630192624123,0.9995356297510564,14.753630702426472,14.194067683164059,13.800595072675415,-0.5595630192624124,0.9530356297510564,14.556592385299378,14.80280011377484,14.011202198625627,-0.24620772847546135
122.81964562919217,-48.86754159862811,151.23681663816066,50.82302373910761,15.263338169032789,15.74631522154179,14.763365558544145,-0.4829770525090016,0.9829496629976456,15.56031522154179,15.017338169032788,14.623865558544145,-0.5429770525090016,0.9364496629976456,15.36941371211346,15.60832361521742,14.831155491143674,-0.23890990310396099
122.37044925194952,-49.00872733641493,647.8334529903728,52.03145592083731,15.186778132129058,15.64380612215284,14.686805521640412,-0.4570279900237821,0.957000600512428,15.45780612215284,14.940778132129058,14.547305521640412,-0.5170279900237821,0.910500600512428,15.27650576584404,15.503998081454505,14.749405641742898,-0.2274923156104638
122.29769344211115,-49.03209193029949,728.474068127431,53.210869060678895,14.340238327131027,14.658426146749076,13.84026571664238,-0.3181878196180481,0.8181604301066958,14.472426146749076,14.094238327131027,13.70076571664238,-0.3781878196180481,0.7716604301066958,14.342496653490397,14.508899294122338,13.875097802663719,-0.16640264063194188
122.46265393789152,-48.983707634963565,548.5662216896277,56.957328178647984,12.97879581640871,13.255492445091765,12.478823205920062,-0.2766966286830552,0.7766692391717029,13.069492445091765,12.732795816408709,12.339323205920062,-0.3366966286830552,0.730169239171703,12.954914692479033,13.103061209099579,12.505357053754402,-0.148146516620546
122.50608214922956,-48.97361275203586,502.8956789331087,61.63950719186827,11.824243048235832,11.754697675118065,11.324270437747186,0.0695453731177675,0.4304272373708784,11.568697675118065,11.578243048235832,11.184770437747186,0.0095453731177675,0.3839272373708784,11.582229463171638,11.57802949899982,11.281555885221362,0.004199964171817783
122.70986208384022,-48.91385039651909,280.4250207784887,66.99466877306286,10.877343045881224,10.562115334231258,10.377370435392578,0.3152277116499657,0.1847448988386801,10.376115334231258,10.631343045881223,10.237870435392578,0.2552277116499657,0.1382448988386801,10.480549587541745,10.368249394415761,10.285519415160314,0.11230019312598394
122.18062372291406,-49.07444496946429,861.2229958962115,61.825186080388576,12.566685501538783,12.571183634311652,12.06671289105014,-0.0044981327728681,0.5044707432615123,12.385183634311652,12.320685501538783,11.92721289105014,-0.0644981327728681,0.4579707432615123,12.37131932518569,12.399698503605752,12.03880703970244,-0.02837917842006199
122.5278321616784,-48.972017651983336,482.26927473664614,68.74154485551999,14.481157109325736,14.802049447956966,13.98118449883709,-0.3208923386312303,0.8208649491198763,14.616049447956966,14.235157109325735,13.84168449883709,-0.3808923386312303,0.7743649491198763,14.48511928266341,14.652711911661152,14.016557488661064,-0.16759262899774185
122.61897068286652,-48.94769400541982,384.36242639140727,74.38037027957736,12.509282741946452,12.937115781770274,12.009310131457806,-0.4278330398238221,0.927805650312468,12.751115781770274,12.263282741946451,11.869810131457806,-0.4878330398238221,0.881305650312468,12.58061755703546,12.795264094557941,12.0660712615203,-0.21464653752248175
122.05994128967164,-49.119950733669995,999.1417596092084,73.48258133186548,14.459185745140804,14.625058313502947,13.959213134652156,-0.1658725683621433,0.6658451788507911,14.439058313502947,14.213185745140803,13.819713134652156,-0.2258725683621433,0.6193451788507911,14.365485463208953,14.464869393288296,13.963582170422313,-0.09938393007934287
122.14896285392987,-49.09739680863686,904.4972050415568,80.00009978979567,13.633614225839391,13.994263514359467,13.133641615350744,-0.3606492885200758,0.8606218990087235,13.808263514359467,13.38761422583939,12.994141615350744,-0.42064928852007577,0.8141218990087236,13.662623277607038,13.847708964555872,13.176965995152488,-0.18508568694883465
122.41887203673312,-49.01661720110851,609.3288664223302,83.4654177585358,13.001572863035712,13.239515163585212,12.501600252547066,-0.2379423005495002,0.7379149110381462,13.053515163585212,12.755572863035711,12.362100252547066,-0.2979423005495002,0.6914149110381462,12.953276512381896,13.084371124623678,12.520383234754695,-0.13109461224178176
122.46643827452334,-49.00692761016382,560.2196449939015,90.4320191753597,10.722374364505663,10.541436016922065,10.22240175401702,0.1809383475835986,0.3190342629050455,10.355436016922065,10.476374364505663,10.08290175401702,0.12093834758359862,0.2725342629050455,10.410183205527996,10.356970332591212,10.157408606598027,0.05321287293678445
122.09275639709574,-49.12170983836913,970.7224364534644,89.72340538768205,15.886275872754196,15.85042088875966,15.386303262265551,0.0358549839945361,0.464117626494108,15.66442088875966,15.640275872754195,15.246803262265551,-0.0241450160054639,0.417617626494108,15.665487232837638,15.676111039880041,15.350326787564372,-0.0106238070424034
122.01660989847012,-49.156002835459375,1061.2581186185705,104.84942345690872,10.631560538414169,10.59367839345993,10.131587927925525,0.0378821449542385,0.4620904655344056,10.40767839345993,10.385560538414168,9.992087927925525,-0.022117855045761498,0.4155904655344056,10.409494787092997,10.419226643313133,10.095206021032405,-0.009731856220135171
122.82481933032724,-48.90339847848495,170.07218627384455,102.14997903621042,12.258471698748636,12.490452399238164,11.75849908825999,-0.2319807004895278,0.7319533109781737,12.304452399238164,12.012471698748636,11.61899908825999,-0.2919807004895278,0.6854533109781737,12.206419540057038,12.33489104827243,11.776089750455624,-0.12847150821539266
122.30846534797634,-49.067500414273766,741.6372855752984,106.41241793394018,11.299188248789306,11.372883088791472,10.799215638300662,-0.0736948400021653,0.5736674504908095,11.186883088791472,11.053188248789306,10.659715638300662,-0.1336948400021653,0.5271674504908095,11.14741599799067,11.206241727591623,10.785149128398825,-0.05882572960095267
122.85879514544004,-48.89523654936924,134.13557457392125,105.62676684451414,13.474426652324912,13.971730540043351,12.974454041836266,-0.4973038877184397,0.9972764982070856,13.785730540043351,13.228426652324911,12.834954041836266,-0.5573038877184397,0.9507764982070857,13.589528101587527,13.834741812183642,13.045109341477682,-0.24521371059611496
122.67643219092682,-48.95699903693436,338.6964131681644,111.76802707656722,9.837635423632095,9.56061029147152,9.337662813143451,0.2770251321605759,0.2229474783280682,9.37461029147152,9.591635423632095,9.198162813143451,0.2170251321605759,0.1764474783280682,9.464909590370931,9.369418532220278,9.253452308809065,0.09549105815065317
122.4353658267002,-49.02679708669172,601.0766852317394,104.45920806478568,14.728022973574426,15.199445100616956,14.228050363085782,-0.4714221270425298,0.971394737531174,15.013445100616956,14.482022973574425,14.088550363085782,-0.5314221270425298,0.924894737531174,14.826818913611218,15.060644649509932,14.293529310592016,-0.23382573589871392
122.10770341373804,-49.128803114910106,961.8211207789956,105.77632074988544,14.779423736044734,15.176636109915806,14.279451125556088,-0.3972123738710724,0.8971849843597184,14.990636109915807,14.533423736044734,14.139951125556088,-0.4572123738710724,0.8506849843597184,14.83146753158351,15.032640976086782,14.330088122428032,-0.20117344450327224
122.41269139471945,-49.036610393131625,627.8449266263327,108.27630279040476,13.168308883814756,13.483968882776326,12.66833627332611,-0.3156599989615696,0.8156326094502155,13.297968882776326,12.922308883814756,12.52883627332611,-0.3756599989615696,0.7691326094502156,13.168974683160544,13.334265082703636,12.702662795216153,-0.16529039954309255
122.456438696026,-49.03035132785298,584.4151967865134,118.31177870111824,9.257707846181042,9.746839461215313,8.757735235692396,-0.489131615034271,0.989104225522917,9.560839461215313,9.011707846181041,8.618235235692396,-0.549131615034271,0.942604225522917,9.367660763652632,9.609278674267712,8.82675608079698,-0.24161791061507998
122.53534809852412,-49.01224604586547,501.64988811593986,127.12876284873762,9.790806295036122,9.610407620112875,9.290833684547476,0.1803986749232464,0.3195739355653995,9.424407620112875,9.544806295036121,9.151333684547476,0.12039867492324641,0.2730739355653995,9.478955129834477,9.425979712868248,9.225948471660555,0.05297541696622865
122.6909553042434,-48.957738774979816,326.10850020487186,119.01279135362095,14.559814590114826,14.57951639472621,14.05984197962618,-0.019701804611385,0.519674415100031,14.39351639472621,14.313814590114825,13.92034197962618,-0.079701804611385,0.473174415100031,14.374026727019997,14.409095521049007,14.034976862646186,-0.03506879402901042
122.51592211187076,-49.01850689355268,523.198703432548,127.42394905626615,12.266033520650527,12.517814776419891,11.766060910161883,-0.2517812557693641,0.7517538662580083,12.331814776419892,12.020033520650527,11.626560910161883,-0.3117812557693641,0.7052538662580083,12.226455711785226,12.363639464323747,11.787611683413484,-0.13718375253852066
122.298601710436,-49.0836126896308,760.9197064943158,124.35965326190836,14.327356951611012,14.533870233797254,13.827384341122368,-0.2065132821862416,0.7064858926748858,14.347870233797254,14.081356951611012,13.687884341122368,-0.2665132821862416,0.6599858926748858,14.259260319388344,14.37652616355029,13.839881519657345,-0.11726584416194541
122.28371445561318,-49.08760931120754,776.8960264480181,123.54025344169416,15.632740075930103,16.057305474661767,15.13276746544146,-0.424565398731664,0.9245380092203064,15.871305474661767,15.386740075930103,14.99326746544146,-0.484565398731664,0.8780380092203064,15.702016277131051,15.915225052572984,15.188875067285522,-0.21320877544193273
122.26157179792104,-49.1002067970581,804.9485550024219,131.46765341969382,11.51671862763398,11.715810446719438,11.016746017145334,-0.1990918190854582,0.6990644295741042,11.529810446719438,11.270718627633979,10.877246017145334,-0.2590918190854582,0.6525644295741042,11.443946473657817,11.55794687405542,11.027758903060153,-0.11400040039760206
122.56023830188688,-49.00500940148952,474.5471716179897,127.83626362974826,13.548367106793629,13.680542582234525,13.04839449630498,-0.1321754754408957,0.6321480859295452,13.494542582234525,13.302367106793628,12.90889449630498,-0.1921754754408957,0.5856480859295452,13.433437656321393,13.517994865515387,13.046024113490889,-0.0845572091939939
122.38487730976034,-49.05940916766393,667.639529605748,127.74374847914744,14.87965762992848,14.970298411264194,14.379685019439831,-0.090640781335713,0.5906133918243626,14.784298411264194,14.63365762992848,14.240185019439831,-0.15064078133571301,0.5441133918243626,14.73856132216998,14.804843265957693,14.369007697804703,-0.0662819437877129
122.02330720943674,-49.174603205672334,1067.1468705343243,133.2535845089833,13.701622855030813,13.822639134264316,13.201650244542163,-0.121016279233503,0.6209888897221525,13.636639134264316,13.455622855030812,13.062150244542163,-0.181016279233503,0.5744888897221525,13.57966311094792,13.65931027381066,13.197048022486593,-0.07964716286274154
122.17829295021748,-49.13034354001278,899.2908796058822,137.67116792968727,16.14068592855657,15.48082302449317,15.640713318067927,0.6598629040634023,-0.1598902935747581,15.29482302449317,15.894685928556571,15.501213318067927,0.5998629040634023,-0.20639029357475808,15.526772298996628,15.26283262120873,15.479935259352976,0.2639396777878975
122.44991300002434,-49.050165644501035,603.1386432040069,142.72226524794826,15.434014976095453,15.38096683319033,14.934042365606809,0.0530481429051228,0.4469244675835213,15.19496683319033,15.188014976095452,14.794542365606809,-0.006951857094877195,0.4004244675835213,15.202394646065224,15.205453463186972,14.894627259123512,-0.0030588171217473814
122.59609351457463,-49.00831979016589,444.44446572582245,147.70385273836152,12.11140143132465,11.998711758330929,11.611428820836004,0.1126896729937207,0.3872829374949251,11.812711758330929,11.86540143132465,11.471928820836004,0.052689672993720696,0.3407829374949251,11.842206937338604,11.819023481221368,11.560085408334988,0.023183456117235934
122.387583311393,-49.07400269139103,674.6531591976313,148.92725044132774,14.19673581977558,14.519110176926516,13.696763209286935,-0.3223743571509363,0.8223469676395805,14.333110176926516,13.950735819775579,13.557263209286935,-0.3823743571509363,0.7758469676395805,14.201631664780669,14.369876381927082,13.732432602814852,-0.16824471714641298
122.24466295115712,-49.12124239043602,833.726652908386,153.21228045905588,14.41003189808448,14.67025148388649,13.910059287595836,-0.2602195858020106,0.7601921962906548,14.48425148388649,14.16403189808448,13.770559287595836,-0.3202195858020106,0.7136921962906548,14.375770237139745,14.51666685489263,13.933297726853967,-0.14089661775288498
122.07592716912652,-49.17637708527946,1020.9519513908834,157.81810337004634,13.247501636067907,13.241295501531278,12.74752902557926,0.0062061345366295,0.4937664759520181,13.055295501531278,13.001501636067907,12.60802902557926,-0.0537938654633705,0.4472664759520181,13.04539177130983,13.069061072113714,12.717482320769664,-0.023669300803883075
122.73479341616752,-48.97373696202831,297.1227347079786,159.75126493739137,14.3914560362762,14.71982560411377,13.891483425787555,-0.3283695678375711,0.8283421783262153,14.53382560411377,14.1454560362762,13.751983425787556,-0.3883695678375711,0.7818421783262153,14.400128864013869,14.5710114738624,13.928351861452798,-0.17088260984853143
122.8984114711954,-48.92694062998467,119.3036551212979,166.11725344104434,13.5671035888332,13.792540886479149,13.067130978344554,-0.2254372976459482,0.7254099081345942,13.606540886479149,13.3211035888332,12.927630978344554,-0.28543729764594816,0.6789099081345942,13.510929086350147,13.636521497314364,13.083412959971472,-0.12559241096421658
122.78308511474208,-48.96198539573429,246.0024526379544,164.40892591381058,14.717176057105672,14.93205782471692,14.217203446617026,-0.2148817676112475,0.7148543780998935,14.74605782471692,14.471176057105671,14.077703446617026,-0.2748817676112475,0.6683543780998935,14.654351570700756,14.775299548449706,14.231374322237004,-0.1209479777489495
122.46701349060024,-49.06231972186264,595.6439101715629,166.68150879607714,14.872901025252316,15.108064172307488,14.372928414763669,-0.2351631470551716,0.7351357575438193,14.922064172307488,14.626901025252316,14.233428414763669,-0.2951631470551716,0.6886357575438193,14.822853807897074,14.95272559260135,14.391155566272433,-0.1298717847042763
122.81709816479795,-48.95802807031299,212.82373258745557,173.62466518044394,13.952239418334711,14.08130158967322,13.452266807846067,-0.1290621713385089,0.6290347818271531,13.89530158967322,13.706239418334711,13.312766807846067,-0.1890621713385089,0.5825347818271531,13.835348586277972,13.918535941666915,13.449273764211497,-0.08318735538894373
122.64301426845184,-49.01369403238208,405.75020251748856,175.14932999951924,11.87431444320675,12.039912102979429,11.374341832718104,-0.1655976597726791,0.6655702702613251,11.853912102979429,11.62831444320675,11.234841832718104,-0.2255976597726791,0.6190702702613251,11.780440968863537,11.879703939163516,11.378655886770368,-0.09926297029997855
122.74559547905804,-48.9827292885092,293.2901759899287,176.70894462029332,13.88698856460816,14.384033194198643,13.387015954119516,-0.4970446295904835,0.9970172400791276,14.198033194198644,13.64098856460816,13.247515954119516,-0.5570446295904835,0.9505172400791276,14.001926681250163,14.247026318269977,13.457619402135341,-0.2450996370198144
122.49192528171528,-49.062369094160715,573.2763813166397,177.36145508844172,13.886721055701727,14.180189640190797,13.386748445213083,-0.2934685844890694,0.7934411949777136,13.994189640190797,13.640721055701727,13.247248445213083,-0.35346858448906937,0.7469411949777136,13.87340626392984,14.028932441105031,13.416636684208626,-0.15552617717519013
122.37307774786372,-49.10450957022404,707.4469506356564,184.64695466446264,10.1380996810892,10.025244124362125,9.638127070600554,0.1128555567270748,0.3871170537615711,9.839244124362125,9.8920996810892,9.498627070600554,0.0528555567270748,0.3406170537615711,9.868800680351143,9.84554423539123,9.586750481352867,0.023256444959912415
122.6068255126056,-49.03129545355995,449.7613483710087,183.7932804095308,11.923934576809623,12.180346885560477,11.423961966320975,-0.2564123087508534,0.7563849192395011,11.994346885560477,11.677934576809623,11.284461966320976,-0.3164123087508534,0.7098849192395011,11.88727433132266,12.026495747173037,11.446438950168876,-0.13922141585037728
122.31693258474586,-49.11802393497248,766.6624915509038,179.38969045595735,16.113816726713026,16.146384504667104,15.613844116224378,-0.0325677779540782,0.532540388442726,15.960384504667104,15.867816726713025,15.474344116224378,-0.0925677779540782,0.486040388442726,15.936134426824093,15.976864249123889,15.591552193912923,-0.04072982229979516
122.2338832970771,-49.14392601049779,858.0463473242183,179.82079365448476,14.96110218526862,15.16548009182153,14.461129574779973,-0.2043779065529101,0.7043505170415578,14.97948009182153,14.71510218526862,14.321629574779973,-0.2643779065529101,0.6578505170415578,14.891660266396952,15.007986545280234,14.473199678188283,-0.11632627888328173
122.75777217221231,-48.98770665621572,285.5994235921737,188.7573079643823,15.197475453871505,15.25709302537484,14.697502843382855,-0.0596175715033346,0.5595901819919842,15.07109302537484,14.951475453871504,14.558002843382855,-0.1196175715033346,0.5130901819919842,15.036834523918605,15.089466255380072,14.680620879781252,-0.05263173146146727
122.97517145420002,-48.92318757706971,47.81916448336224,194.1444815542048,14.244628610880106,14.51637716013729,13.744656000391458,-0.2717485492571843,0.771721159745832,14.33037716013729,13.998628610880106,13.605156000391458,-0.3317485492571843,0.725221159745832,14.21763019691213,14.363599558585292,13.770200232340624,-0.14596936167316166
122.49421005005736,-49.07465782904237,579.2044408041046,195.19379017428915,13.445087940371996,13.806605324551162,12.945115329883349,-0.3615173841791659,0.8614899946678136,13.620605324551162,13.199087940371996,12.805615329883349,-0.4215173841791659,0.8149899946678136,13.47464389240487,13.660111541443703,12.98861332881691,-0.1854676490388325
122.33287646259969,-49.1268544636081,758.0390365082715,198.2740319436234,15.122847208022277,15.216899196179694,14.622874597533633,-0.0940519881574175,0.5940245986460617,15.030899196179694,14.876847208022276,14.483374597533633,-0.1540519881574175,0.5475245986460617,14.98389996056145,15.051682835350714,14.612879517262845,-0.06778287478926437
122.17935604792304,-49.17579746595614,927.59362941497,200.5945807434263,14.278717435403342,14.65434022018328,13.778744824914696,-0.3756227847799387,0.8755953952685847,14.468340220183281,14.032717435403342,13.639244824914696,-0.4356227847799387,0.8290953952685847,14.317159789814703,14.508833815117876,13.825063903968413,-0.19167402530317368
122.84218279831386,-48.97003056688093,198.14326346457463,200.85822494912944,14.249997734707822,14.516560932028977,13.750025124219174,-0.2665631973211546,0.7665358078098023,14.330560932028977,14.003997734707822,13.610525124219174,-0.3265631973211546,0.7200358078098024,14.219732549020149,14.363420355841457,13.774532285781135,-0.14368780682130833
122.641466003972,-49.03319710440732,419.8635533175636,201.21896677239116,14.00896316487561,14.192797513854172,13.508990554386962,-0.1838343489785625,0.6838069594672103,14.006797513854172,13.76296316487561,13.369490554386962,-0.2438343489785625,0.6373069594672103,13.926578804732104,14.033865918282672,13.516951946280404,-0.10728711355056753
122.26462350204686,-49.15416784856031,837.0228521885228,206.88923965660507,12.702633919545756,13.070214604404658,12.20266130905711,-0.3675806848589023,0.8675532953475482,12.884214604404658,12.456633919545755,12.06316130905711,-0.42758068485890227,0.8210532953475482,12.736009751006863,12.92414525234478,12.247371968126618,-0.1881355013379178
122.7557537471312,-49.00247678358102,297.07954199407834,208.1215965531278,13.1844733673414,13.660810288662388,12.684500756852756,-0.4763369213209873,0.9763095318096316,13.474810288662388,12.9384733673414,12.545000756852756,-0.5363369213209873,0.9298095318096317,13.286365627773622,13.522353873154858,12.750962663214683,-0.23598824538123608
122.58670752378995,-49.06020713239259,486.6784268897172,214.83434669469105,9.385140956167286,9.115402987482556,8.88516834567864,0.2697379686847299,0.230234641803916,8.929402987482556,9.139140956167285,8.74566834567864,0.20973796868472988,0.18373464180391602,9.017006035895905,8.924721329674625,8.802415274039422,0.09228470622127993
122.34556779557796,-49.13265392749388,750.3846284118065,211.61784656465449,12.03897128299838,12.26317585303949,11.538998672509733,-0.2242045700411097,0.7241771805297574,12.07717585303949,11.79297128299838,11.399498672509733,-0.28420457004110966,0.6776771805297575,11.982020162124279,12.107070172942368,11.555034108615684,-0.12505001081808942
122.45899677314196,-49.09909218289183,626.7151930084727,213.72596464699456,14.443574373490456,14.513922341002123,13.94360176300181,-0.0703479675116671,0.5703205780003131,14.327922341002123,14.197574373490456,13.80410176300181,-0.1303479675116671,0.5238205780003131,14.289693593022806,14.34704669872794,13.928865878601872,-0.05735310570513441
122.688810049509,-49.02832156545997,374.1346896458244,214.81182635359744,13.35454525724182,13.498854296590826,12.854572646753176,-0.1443090393490056,0.6442816498376498,13.312854296590826,13.10854525724182,12.715072646753176,-0.2043090393490056,0.5977816498376498,13.247259952031694,13.337155929345256,12.854628976720706,-0.08989597731356191
122.36810614637665,-49.12882380375249,727.654402031139,215.91792853205985,13.404352527176286,13.852526246259549,12.90437991668764,-0.4481737190832628,0.9481463295719088,13.666526246259549,13.158352527176286,12.76487991668764,-0.5081737190832628,0.9016463295719088,13.48850197019874,13.712098406595377,12.965209182602022,-0.22359643639663673
122.87559831294033,-48.978130518050705,173.43197379118087,226.341297567534,13.08848589674336,13.318674997802956,12.588513286254711,-0.2301891010595955,0.730161711548245,13.132674997802956,12.84248589674336,12.449013286254711,-0.2901891010595955,0.6836617115482451,13.035305030410905,13.162988234877128,12.60574562856436,-0.12768320446622283
122.4216002524422,-49.12065927351617,674.304229000452,227.42262823961116,14.199954602881895,14.285311001562096,13.699981992393251,-0.0853563986802008,0.585329009168845,14.099311001562096,13.953954602881895,13.560481992393251,-0.14535639868020078,0.538829009168845,14.05552913405042,14.119485949469711,13.68824779422702,-0.06395681541929044
122.05378540591153,-49.23395764796605,1077.8021543850582,227.7062508941613,14.5987570144492,15.071674365955026,14.098784403960554,-0.472917351505826,0.972889961994472,14.885674365955026,14.3527570144492,13.959284403960554,-0.532917351505826,0.926389961994472,14.69849494589787,14.932978580560434,14.164562396359448,-0.2344836346625634
122.83621825940688,-48.99450732785699,219.5595481000662,231.80073045478517,15.617461167838597,15.278002406689,15.117488557349953,0.3394587611495971,0.160513849339047,15.092002406689,15.371461167838596,14.977988557349953,0.2794587611495971,0.11401384933904701,15.20540214831435,15.082440293408528,15.020791327217761,0.12296185490582268
122.44510377309,-49.12213366956522,654.1480928343572,239.43532294058025,12.570231068032124,12.852844244912845,12.07025845754348,-0.2826131768807212,0.7825857873693653,12.666844244912845,12.324231068032123,11.93075845754348,-0.3426131768807212,0.7360857873693654,12.550077369466978,12.700827167294495,12.097975615017353,-0.15074979782751718
122.21426593073484,-49.19252733431438,907.006052829222,238.3173054770624,14.115624070679,14.46732299591183,13.615651460190351,-0.3516989252328297,0.8516715357214792,14.28132299591183,13.869624070679,13.476151460190351,-0.4116989252328297,0.8051715357214793,14.138994393575683,14.320141920678129,13.657185767334648,-0.1811475271024463
122.49399013885784,-49.10847414839861,601.3710734692552,241.4920732679725,13.684629353826924,13.896513307213766,13.184656743338277,-0.2118839533868417,0.7118565638754895,13.710513307213766,13.438629353826924,13.045156743338277,-0.2718839533868417,0.6653565638754895,13.619916244460635,13.739545183950845,13.198228056113374,-0.11962893949021058
122.20306003778254,-49.19957041599041,921.6097402848084,243.26721758911097,16.043418940430286,16.262925025303858,15.54344632994164,-0.2195060848735721,0.7194786953622181,16.076925025303858,15.797418940430285,15.40394632994164,-0.2795060848735721,0.6729786953622181,15.983507773900635,16.10649045124501,15.558542069014083,-0.12298267734437296
122.9793494410383,-48.96449517185129,71.26879307973968,252.45700479421325,14.7438229628218,15.219049313546035,14.243850352333151,-0.4752263507242347,0.9751989612128842,15.033049313546035,14.4978229628218,14.104350352333151,-0.5352263507242347,0.9286989612128842,14.845015563778068,15.080515158096732,14.310090144575728,-0.2354995943186644
122.09567458046888,-49.24164686500076,1045.1168980539762,255.88379313838135,13.509565385987743,13.9232448493648,13.009592775499096,-0.4136794633770559,0.9136520738657036,13.7372448493648,13.263565385987743,12.870092775499096,-0.4736794633770559,0.8671520738657036,13.571983447915288,13.780402411801193,13.063523190272235,-0.20841896388590442
122.28950635320444,-49.18362891378901,833.694751156985,257.88269010032144,15.022915536650434,15.506325348042816,14.52294292616179,-0.4834098113923826,0.9833824218810268,15.320325348042816,14.776915536650433,14.38344292616179,-0.5434098113923826,0.9368824218810268,15.129263717827634,15.368364034840283,14.590819410537994,-0.23910031701264955
122.83857496527172,-49.01404869149196,230.26318482974972,259.5684365265018,13.09607066856656,13.437045604245183,12.596098058077914,-0.3409749356786236,0.8409475461672695,13.251045604245183,12.850070668566559,12.456598058077914,-0.4009749356786236,0.7944475461672695,13.112684878044092,13.289113849742687,12.635487567311367,-0.17642897169859495
122.7299429357194,-49.0523399115333,352.88940142869166,265.3509622388436,14.235842867993078,14.573942941526564,13.735870257504432,-0.3381000735334858,0.8380726840221318,14.387942941526564,13.989842867993078,13.596370257504432,-0.3981000735334858,0.7915726840221318,14.250645914319174,14.425809946673908,13.774684794308858,-0.17516403235473454
122.88072942640508,-49.007284079288794,187.9720662065249,268.4557190758824,12.826209517708614,13.223136672811746,12.326236907219968,-0.3969271551031319,0.8968997655917779,13.037136672811746,12.580209517708614,12.186736907219968,-0.4569271551031319,0.8503997655917779,12.878073625423587,13.079121573668965,12.376816860338323,-0.2010479482453782
122.62665776864463,-49.08754498654834,468.61565776070336,269.3825558745844,13.061466442044235,13.400352719470607,12.561493831555593,-0.3388862774263721,0.8388588879150145,13.214352719470607,12.815466442044235,12.421993831555593,-0.3988862774263721,0.7923588879150145,13.076764796822848,13.252274758890453,12.600465609138595,-0.17550996206760416
122.34864305478357,-49.17958270280992,777.9875945949731,277.3581159358916,8.65197581402318,8.476449033131995,8.152003203534534,0.1755267808911842,0.3244458295974617,8.290449033131996,8.40597581402318,8.012503203534534,0.1155267808911842,0.2779458295974617,8.343193942061733,8.292362158469613,8.088092369454026,0.050831783592119706
122.4625836475489,-49.14193408139538,651.3036839875696,274.03701666103706,13.10688196601878,13.335574277994915,12.606909355530131,-0.2286923119761361,0.7286649224647839,13.149574277994915,12.860881966018779,12.467409355530132,-0.2886923119761361,0.6821649224647839,13.052758122563745,13.179782739833245,12.623842340023089,-0.12702461726949998
122.58757610913986,-49.10338895653481,514.0293310280982,274.41255900146854,13.955748852291856,14.325780329088516,13.455776241803209,-0.3700314767966599,0.8700040872853076,14.139780329088516,13.709748852291856,13.316276241803209,-0.4300314767966599,0.8235040872853077,13.990668682673752,14.179882532464282,13.50097705926027,-0.18921384979053002
122.39298207969318,-49.164725857680345,728.5660920184381,275.75778876751497,13.272151805748049,13.659511717772537,12.7721791952594,-0.3873599120244879,0.8873325225131374,13.473511717772537,13.026151805748048,12.6326791952594,-0.4473599120244879,0.8408325225131374,13.317988550323475,13.51482691161425,12.820845699762026,-0.1968383612907747
122.16763997109564,-49.23549811293573,976.5538683600904,277.7145362346506,12.395097442290052,12.34889739019419,11.895124831801407,0.0462000520958607,0.4537725583927834,12.16289739019419,12.149097442290051,11.755624831801407,-0.013799947904139298,0.4072725583927834,12.16779140946966,12.173863386547481,11.857079343479963,-0.0060719770778217
122.934266925372,-48.99777272296523,133.65508095959578,278.51817328966837,12.746214986299895,13.174454493493409,12.24624237581125,-0.4282395071935134,0.9282121176821594,12.988454493493409,12.500214986299895,12.10674237581125,-0.4882395071935134,0.8817121176821594,12.817805875831809,13.032631258996954,12.303084799347682,-0.2148253831651452
122.21338111232176,-49.22952388888145,931.6504523355992,288.78357185828133,9.157974444925356,8.863025403605096,8.65800183443671,0.29494904132026,0.2050235691683859,8.677025403605096,8.911974444925356,8.51850183443671,0.23494904132026,0.15852356916838592,8.773956548893592,8.670578970712677,8.570206548270388,0.10337757818091475
122.5764820991262,-49.11283732920828,530.1430144381166,282.633764634447,11.72552474710132,11.941179362938255,11.225552136612675,-0.2156546158369359,0.7156272263255801,11.755179362938255,11.479524747101319,11.086052136612675,-0.2756546158369359,0.6691272263255801,11.663187155078589,11.78447518604684,11.23987758187779,-0.1212880309682518
122.45383415449623,-49.160288508104635,671.0725881855684,295.50353103049514,10.82348137773116,10.884428414747466,10.323508767242512,-0.0609470370163069,0.5609196475049547,10.698428414747466,10.577481377731159,10.184008767242512,-0.12094703701630691,0.5144196475049547,10.663678011051433,10.716894707338607,10.306892696743502,-0.053216696287174514
122.62750170234672,-49.109847982464494,482.40688092553296,300.31578159836937,9.533954674884855,9.305391104670786,9.03398206439621,0.2285635702140691,0.2714090402745768,9.119391104670786,9.287954674884855,8.89448206439621,0.1685635702140691,0.2249090402745768,9.191759625649992,9.1175916547558,8.959463872451124,0.07416797089419092
122.35848952542436,-49.19858387817067,781.4510888000403,307.6181531924387,9.130994041345588,8.776161388821203,8.631021430856944,0.3548326525243848,0.1451399579642593,8.590161388821203,8.884994041345587,8.491521430856944,0.2948326525243848,0.09863995796425931,8.709249470255225,8.579523103144496,8.531249422449795,0.12972636711072916
122.32008496979093,-49.2018792148194,818.0428948368885,295.88431998733745,15.44669351063282,15.80117747147012,14.946720900144172,-0.3544839608373014,0.8544565713259491,15.61517747147012,15.200693510632819,14.807220900144172,-0.4144839608373014,0.8079565713259491,15.471818405960319,15.654191348728732,14.98881221440936,-0.18237294276841354
122.64614155927016,-49.10056758966444,459.62438593204064,295.5604022101736,14.686057213501652,15.019926741986426,14.186084603013006,-0.3338695284847741,0.8338421389734201,14.833926741986426,14.440057213501651,14.046584603013006,-0.3938695284847741,0.7873421389734201,14.698195016447059,14.87149760898036,14.22405303080769,-0.17330259253330027
122.40283380905667,-49.193954894524715,738.6706260490943,320.0579911647228,8.946760526608784,8.626229299580386,8.446787916120138,0.3205312270283986,0.1794413834602473,8.440229299580386,8.700760526608784,8.307287916120139,0.2605312270283986,0.1329413834602473,8.546625853580892,8.431992113688398,8.353876192812187,0.11463373989249348
122.49014598988154,-49.16313061345901,640.338362141574,314.8390057175397,13.30511385666468,13.632771065168724,12.805141246176031,-0.3276572085040445,0.8276298189926923,13.446771065168724,13.059113856664679,12.665641246176031,-0.3876572085040445,0.7811298189926923,13.313337898022226,13.483907069764006,12.84186720997457,-0.17056917174178032
122.46542013424636,-49.185874149931294,677.2928333336271,335.53347335415276,8.829613300657353,8.56681097329843,8.329640690168707,0.2628023273589228,0.2371702831297231,8.38081097329843,8.583613300657353,8.190140690168707,0.20280232735892278,0.19067028312972312,8.465847834421231,8.376614810383305,8.248274746794651,0.08923302403792555
122.65758765934604,-49.11733060483148,460.298844220713,323.4281794740162,13.8428181923919,14.188072462709542,13.342845581903251,-0.3452542703176426,0.8452268808062904,14.002072462709542,13.596818192391899,13.203345581903251,-0.4052542703176426,0.7987268808062904,13.862128382692013,14.040440261631776,13.383090958064509,-0.17831187893976264
122.86174151773147,-49.05571177084276,236.82164883263627,326.56978096649635,14.281490787384117,14.337509722680986,13.781518176895467,-0.0560189352968691,0.5559915457855187,14.151509722680986,14.035490787384116,13.642018176895467,-0.1160189352968691,0.5094915457855187,14.118582716621143,14.169631048151766,13.76391648605257,-0.05104833153062316
122.78132105248834,-49.08059463202324,325.28106990904473,326.08950738663555,15.063489944746593,15.109192831768365,14.563517334257948,-0.0457028870217719,0.5456754975104161,14.923192831768365,14.817489944746592,14.424017334257949,-0.1057028870217719,0.4991754975104161,14.894082763570308,14.940592033859888,14.543852433760032,-0.04650927028957952
122.62231398598726,-49.13390947569096,502.7580509633147,331.0838134159102,13.346557446912918,13.4672512991208,12.846584836424272,-0.1206938522078822,0.6206664626965281,13.2812512991208,13.100557446912918,12.707084836424272,-0.1806938522078822,0.5741664626965282,13.224394573803883,13.303899868775352,12.841918128963577,-0.07950529497146874
122.7029865556255,-49.11429684635696,417.59872666044646,338.6882304368386,10.12677508379678,10.172997656251876,9.626802473308134,-0.0462225724550968,0.5461951829437428,9.986997656251877,9.88077508379678,9.487302473308134,-0.1062225724550968,0.4996951829437428,9.95769530444349,10.004433236323733,9.607241509896882,-0.046737931880242556
122.84377591409144,-49.073775579559445,264.7955421432949,343.5731906112436,13.00279328539139,13.043703024777084,12.502820674902743,-0.0409097393856949,0.5408823498743409,12.857703024777084,12.756793285391389,12.363320674902743,-0.10090973938569489,0.49438234987434093,12.830366421204376,12.874766706534082,12.482197144877611,-0.04440028532970608
122.44862755678348,-49.19287512456452,696.898252896257,338.00810762813063,14.533591833163904,14.77531026745129,14.03361922267526,-0.241718434287387,0.7416910447760312,14.58931026745129,14.287591833163903,13.89411922267526,-0.301718434287387,0.6951910447760312,14.487674446764956,14.620430557851408,14.053157431630465,-0.13275611108645258
122.2093563426982,-49.27110167247084,962.0696244443426,344.22258612698334,11.14652087449486,11.282931248637285,10.646548264006212,-0.1364103741424251,0.6363829846310729,11.096931248637285,10.900520874494859,10.507048264006212,-0.1964103741424251,0.5898829846310729,11.034259410204587,11.120679974827254,10.645024860932425,-0.08642056462266723
123.0328181407453,-49.014887242923514,56.50997341241897,344.4891647008352,13.130343938608616,13.202074378904454,12.630371328119969,-0.0717304402958376,0.5717030507844854,13.016074378904454,12.884343938608616,12.490871328119969,-0.13173044029583758,0.5252030507844854,12.977334115994994,13.035295509725163,12.615911938276865,-0.057961393730169064
122.8257312372672,-49.08149315520226,286.0417336375774,346.38579668375814,12.919257213096389,13.313746232605126,12.419284602607744,-0.3944890195087378,0.894461629997382,13.127746232605126,12.673257213096388,12.279784602607744,-0.4544890195087378,0.847961629997382,12.969585295386892,13.169560463970738,12.46937692860722,-0.19997516858384579
122.64516509370182,-49.13820443612923,485.0688870591673,346.7293532066073,12.995342015845784,13.085724400523755,12.495369405357138,-0.0903823846779712,0.5903549951666172,12.899724400523755,12.749342015845784,12.355869405357138,-0.15038238467797121,0.5438549951666172,12.854082918192905,12.920251167451212,12.484640404390461,-0.06616824925830755
122.429904680808,-49.20590610654483,722.144713467136,347.94414451582134,12.781188208832104,12.845729347920589,12.281215598343458,-0.0645411390884849,0.5645137495771309,12.659729347920589,12.535188208832103,12.141715598343458,-0.1245411390884849,0.5180137495771309,12.623649126457849,12.678447227656783,12.265318348258884,-0.05479810119893358
122.41331624059649,-49.20939528045512,739.2820208358552,345.6964762727968,17.12305252377696,16.309830140709597,16.623079913288315,0.8132223830673624,-0.3132497725787182,16.123830140709597,16.87705252377696,16.483579913288313,0.7532223830673623,-0.3597497725787182,16.412522422444525,16.081104573894883,16.431629958772568,0.3314178485496413
122.48308343493412,-49.18922199785682,663.6290432432227,347.63207288256757,14.047209772723054,14.24862172493213,13.547237162234408,-0.2014119522090762,0.7013845626977222,14.06262172493213,13.801209772723054,13.407737162234408,-0.2614119522090762,0.6548845626977222,13.97589930261477,14.090920561586765,13.558714074773953,-0.11502125897199456
122.65500127331929,-49.13797525191611,476.0998355971457,350.61723273904965,13.615828162670542,13.8983571112491,13.115855552181898,-0.2825289485785571,0.7825015590672013,13.7123571112491,13.369828162670542,12.976355552181898,-0.3425289485785571,0.7360015590672013,13.595621400275032,13.746334137649598,13.143555863995338,-0.15071273737456536
122.9732039115136,-49.041896885473655,127.77583607465982,355.68369229400207,13.24094588422755,13.386148015074156,12.740973273738904,-0.1452021308466058,0.6451747413352518,13.200148015074156,12.99494588422755,12.601473273738904,-0.2052021308466058,0.5986747413352518,13.134223226660911,13.224512164233419,12.741208222005953,-0.09028893757250778
122.75031683201004,-49.11228763024657,373.84490301311087,356.20361317773785,13.102672841474416,13.472429271137672,12.60270023098577,-0.3697564296632567,0.8697290401519027,13.286429271137672,12.856672841474415,12.46320023098577,-0.4297564296632567,0.8232290401519027,13.137419392162267,13.3265122212141,12.64784603901615,-0.1890928290518339
122.48674825904996,-49.195930926143305,664.7036964619056,358.39381953727667,12.942123558174607,13.422542875809045,12.44215094768596,-0.4804193176344373,0.9803919281230852,13.236542875809045,12.696123558174607,12.30265094768596,-0.5404193176344373,0.9338919281230852,13.046587728284303,13.284372228043456,12.509429333310576,-0.23778449975915272
122.26182247636592,-49.26932179140971,913.8841746591612,363.9004547328644,11.4600914523828,11.355156792764957,10.960118841894154,0.1049346596178431,0.3950379508708028,11.169156792764957,11.2140914523828,10.820618841894154,0.0449346596178431,0.3485379508708028,11.195782616823559,11.176011366591707,10.910326432068315,0.019771250231851667
122.36112707953546,-49.243672396586426,808.2846304182513,370.6401130057829,10.875955789338716,10.872127372031033,10.375983178850069,0.0038284173076839,0.4961441931809638,10.686127372031033,10.629955789338716,10.236483178850069,-0.0561715826923161,0.4496441931809638,10.675343886434876,10.700059382819495,10.34641201748626,-0.02471549638461923
122.66922205737396,-49.146494288893344,468.9159666127973,368.36894603124944,15.039083740145404,15.42103093642267,14.539111129656758,-0.3819471962772649,0.8819198067659109,15.23503093642267,14.793083740145404,14.399611129656758,-0.4419471962772649,0.8354198067659109,15.08151047380008,15.275967240162078,14.58669509100994,-0.1944567663619985
122.49471956071854,-49.20310822037587,662.2242191051076,371.6279960698483,14.612847717348895,14.953675886855477,14.112875106860251,-0.3408281695065813,0.8408007799952255,14.767675886855477,14.366847717348895,13.973375106860251,-0.4008281695065813,0.7943007799952255,14.62936946413804,14.805733858720938,14.152235262859296,-0.17636439458289743
122.95657999364134,-49.060282835213755,154.79089068602408,373.6661873174109,15.65141011843266,15.394263790352296,15.151437507944015,0.2571463280803634,0.2428262824082807,15.208263790352296,15.405410118432659,15.011937507944015,0.19714632808036342,0.1963262824082807,15.29120793174203,15.20446354738667,15.07120276442567,0.08674438435535947
122.70166106626694,-49.1524529878623,443.7396317040215,390.40129772562864,13.553936545051878,13.96547015593776,13.053963934563232,-0.4115336108858827,0.9115062213745286,13.77947015593776,13.307936545051877,12.914463934563232,-0.4715336108858827,0.8650062213745286,13.615002719909983,13.822477508699771,13.107465178838137,-0.20747478878978853
122.9789388538894,-49.06693349681843,139.13523947344882,392.40583882311034,13.695829585297764,14.050648642093693,13.195856974809118,-0.3548190567959288,0.8547916672845748,13.864648642093693,13.449829585297763,13.056356974809118,-0.4148190567959288,0.8082916672845748,13.721165591079199,13.903685976069408,13.238015308266032,-0.18252038499020884
122.91335441095,-49.087870211038116,211.68954874319925,392.7920048723336,14.563594144354228,14.943466736592644,14.06362153386558,-0.3798725922384154,0.8798452027270631,14.757466736592644,14.317594144354228,13.92412153386558,-0.4398725922384154,0.8333452027270631,14.604713877464429,14.798257818049333,14.110790574410993,-0.1935439405849042
122.20593381107446,-49.30848834839285,989.2475908686756,394.1584891387006,16.296526366031316,15.83816196846968,15.79655375554267,0.4583643975616347,0.0416082129270112,15.65216196846968,16.050526366031317,15.65705375554267,0.3983643975616347,-0.004891787072988783,15.809556795567486,15.634276460640367,15.676075398128072,0.1752803349271197
122.7107625663254,-49.152460522264555,435.5895532173088,394.30416976307595,14.018174327744052,14.492233472765234,13.518201717255408,-0.4740591450211813,0.9740317555098256,14.306233472765234,13.772174327744052,13.378701717255408,-0.5340591450211813,0.9275317555098256,14.118631589107396,14.353617612916716,13.584208068357373,-0.23498602380932
122.7358379663056,-49.15008685982374,411.5703518475405,401.7814238854185,12.424669422454311,12.507448773390824,11.924696811965669,-0.0827793509365122,0.5827519614251546,12.321448773390824,12.17866942245431,11.785196811965669,-0.1427793509365122,0.5362519614251546,12.278620413544314,12.341443327956378,11.9124472042507,-0.06282291441206489
122.13043888026816,-49.33630513672422,1074.804230647856,400.64678681601566,14.054395412969312,14.399896803080624,13.554422802480666,-0.3455013901113126,0.8454740005999586,14.213896803080624,13.808395412969311,13.414922802480666,-0.4055013901113126,0.7989740005999586,14.073861288739439,14.252281900388416,13.594717602600657,-0.1784206116489777
122.58782041451072,-49.196247229184,574.3325605317748,401.8350092229892,13.531110030900956,13.900033902132366,13.031137420412309,-0.3689238712314093,0.8688964817200571,13.714033902132366,13.285110030900956,12.891637420412309,-0.4289238712314093,0.8223964817200571,13.565332069776744,13.754058573118565,13.076116716756319,-0.18872650334182062
123.0048038978842,-49.07289713986352,119.89469223378018,411.7217648696248,11.71851737639424,12.206897386346313,11.218544765905593,-0.4883800099520723,0.98835262044072,12.020897386346313,11.47251737639424,11.079044765905593,-0.5483800099520724,0.94185262044072,11.827996782664046,12.069283987042958,11.287415289993737,-0.24128720437891182
122.8112380161564,-49.128834439857314,330.0937633134499,404.98441245869105,15.75289428270958,15.436936554095158,15.252921672220936,0.3159577286144213,0.1840148818742228,15.250936554095158,15.50689428270958,15.113421672220936,0.2559577286144213,0.1375148818742228,15.355640913682494,15.243019513092149,15.16092464859578,0.11262140059034564
122.55086797718972,-49.21822703875224,621.7561627687286,416.2417887027141,12.377771936698508,12.68882665636722,11.877799326209864,-0.3110547196687125,0.8110273301573567,12.50282665636722,12.131771936698508,11.738299326209864,-0.3710547196687125,0.7645273301573567,12.375536410089797,12.53880048674403,11.911204792241335,-0.16326407665423304
122.4161724851208,-49.25826170181832,768.4235355526978,413.9772660917769,15.20891949752737,15.483445633633934,14.708946887038724,-0.274526136106564,0.77449874659521,15.297445633633934,14.96291949752737,14.569446887038724,-0.334526136106564,0.72799874659521,15.183670963274505,15.330862463161393,14.735046636357765,-0.14719149988688862
122.29058302120076,-49.30036757899623,908.1777663877178,418.6832054413042,13.00768831316401,13.30464197022352,12.507715702675364,-0.2969536570595092,0.7969262675481552,13.11864197022352,12.76168831316401,12.368215702675364,-0.3569536570595092,0.7504262675481552,12.9965691171115,13.153628726217685,12.538300956184996,-0.15705960910618444
122.33824157896852,-49.28549920283417,855.8750499791684,418.39135433371126,15.17356814149456,15.05802554624382,14.673595531005912,0.1155425952507389,0.3844300152379087,14.87202554624382,14.92756814149456,14.534095531005912,0.0555425952507389,0.3379300152379087,14.902576306486594,14.878137564576269,14.621681534053494,0.024438741910325135
122.52525417354651,-49.23836329035582,657.805448120185,432.96635125922234,9.966896041830848,9.672707038259496,9.4669234313422,0.2941890035713523,0.2057836069172953,9.486707038259496,9.720896041830848,9.3274234313422,0.2341890035713523,0.15928360691729532,9.583356969580896,9.480313808009502,9.37928015272566,0.10304316157139404
123.11137155222109,-49.0535699416085,11.677715499405974,431.3547001478153,13.802044800083202,13.893069393854493,13.302072189594556,-0.0910245937712908,0.5909972042599367,13.707069393854493,13.556044800083201,13.162572189594556,-0.1510245937712908,0.5444972042599368,13.661190294159114,13.727641115418482,13.291471630446543,-0.06645082125936774
122.63427579210774,-49.20326001235521,537.3005728657017,431.25152199557976,14.116191417395932,14.603421153819342,13.616218806907284,-0.4872297364234104,0.987202346912058,14.417421153819342,13.870191417395931,13.476718806907284,-0.5472297364234104,0.940702346912058,14.22494615134268,14.46572723536898,13.684859276289695,-0.24078108402630072
122.98463349458338,-49.09634998542014,153.42735868507512,435.0994797216696,15.498930831760635,15.993508568406003,14.998958221271993,-0.4945777366453683,0.9945503471340108,15.807508568406003,15.252930831760635,14.859458221271993,-0.5545777366453684,0.9480503471340108,15.612314805847216,15.856329009971178,15.069068290698794,-0.24401420412396213
122.93607381968066,-49.1167364592322,210.34056138168563,442.0701284124473,14.056493961804918,14.27089162752781,13.55652135131627,-0.2143976657228918,0.7143702762115396,14.08489162752781,13.810493961804918,13.41702135131627,-0.2743976657228918,0.6678702762115396,13.99336449121034,14.114099464128412,13.570595406558578,-0.120734972918072
122.55370876002354,-49.235987134734074,630.781633649021,441.8062853615465,13.44150376309131,13.757245451332649,12.941531152602664,-0.3157416882413386,0.8157142987299846,13.571245451332649,13.19550376309131,12.802031152602664,-0.3757416882413386,0.7692142987299846,13.442221026683352,13.607547369509541,12.97587401234866,-0.16532634282618908
122.70770610800848,-49.19064925900449,463.3127614369978,445.3197924700951,11.64288613463626,11.83189146500661,11.142913524147614,-0.1890053303703496,0.6889779408589956,11.64589146500661,11.39688613463626,11.003413524147614,-0.2490053303703496,0.6424779408589956,11.563759492769579,11.673321838132534,11.151909112319412,-0.10956234536295462
123.11616821883192,-49.06185883992342,12.8679300951581,444.7600680475479,13.90778557986768,14.266554404560257,13.407812969379034,-0.3587688246925768,0.8587414351812228,14.080554404560257,13.66178557986768,13.268312969379034,-0.4187688246925768,0.8122414351812228,13.935609939424003,14.119868222288737,13.450761256415278,-0.1842582828647341
122.52311833072824,-49.24926296801593,666.8126967120094,447.00885885106914,14.72718973323467,15.176169397707287,14.227217122746026,-0.4489796644726169,0.9489522749612612,14.990169397707287,14.48118973323467,14.087717122746026,-0.5089796644726169,0.9024522749612612,14.811846921852418,15.03579797422037,14.288207577738278,-0.2239510523679531
122.64722695346754,-49.21645595053766,534.3239749443264,454.8624555047436,14.319586027994449,14.369922649524923,13.8196134175058,-0.0503366215304748,0.5503092320191243,14.183922649524924,14.073586027994448,13.6801134175058,-0.1103366215304748,0.5038092320191243,14.153098099558648,14.201646213032056,13.800875263909624,-0.048548113473408705
122.86441342297864,-49.15019272683107,296.50211526347937,457.0478605780209,14.295862245036068,14.40593165524716,13.795889634547422,-0.1100694102110928,0.6100420206997388,14.21993165524716,14.049862245036067,13.656389634547422,-0.1700694102110928,0.5635420206997388,14.167005973469056,14.241836513961937,13.789098038687369,-0.07483054049288107
123.1151615251747,-49.076429534111995,23.412745381524378,464.23922779565294,13.535281088364153,13.563369423812128,13.035308477875503,-0.0280883354479755,0.528060945936625,13.377369423812128,13.289281088364152,12.895808477875503,-0.0880883354479755,0.481560945936625,13.354776739696376,13.393535607293487,13.012120667062828,-0.038758867597110225
122.97758395639988,-49.11904005008084,174.69932843899852,463.09823952324894,15.707909587680357,15.529194585537056,15.20793697719171,0.178715002143301,0.3212576083453449,15.343194585537056,15.461909587680356,15.06843697719171,0.118715002143301,0.2747576083453449,15.397119136330076,15.344884535387024,15.14338849886078,0.0522346009430521
122.620028457495,-49.23110628873695,568.2344080722854,463.3487732905273,14.09664698220789,14.418516591460174,13.596674371719244,-0.3218696092522837,0.8218422197409296,14.232516591460174,13.85064698220789,13.457174371719244,-0.3818696092522837,0.7753422197409297,14.101224836036828,14.269247464107833,13.63224281566743,-0.16802262807100554
122.82587456355164,-49.1692071503364,343.486126786166,466.54075946568696,13.126794791317396,13.42544619756218,12.62682218082875,-0.2986514062447849,0.7986240167334309,13.23944619756218,12.880794791317395,12.48732218082875,-0.3586514062447849,0.7521240167334309,13.11674517725161,13.274551795999315,12.657746984175436,-0.15780661874770452
122.67881082229346,-49.2147710124747,504.9546290969026,466.03010200938866,13.863633116984683,14.311654810235884,13.363660506496036,-0.4480216932512011,0.9479943037398488,14.125654810235885,13.617633116984683,13.224160506496036,-0.5080216932512012,0.9014943037398488,13.947686783732939,14.17121632876347,13.424459367244005,-0.22352954503053013
122.53269613722912,-49.27661226577024,676.0486791227652,488.5900416675969,8.51765573530697,8.131259202997429,8.017683124818324,0.3863965323095417,0.1135760781791042,7.945259202997429,8.27165573530697,7.8781831248183245,0.3263965323095417,0.06707607817910421,8.076025919951958,7.93241144573576,7.911598340454145,0.14361447421619733
122.86062754607975,-49.16646275567668,310.5836486636589,477.69363452827827,12.88813495977707,13.29324350425284,12.388162349288423,-0.4051085444757714,0.9050811549644172,13.10724350425284,12.642134959777069,12.248662349288423,-0.4651085444757714,0.8585811549644172,12.945153342796806,13.149801102366144,12.440378580281306,-0.20464775956933856
122.40849050701152,-49.311228257665086,809.6709477887932,483.422950245831,10.340030339667832,10.316749396117936,9.840057729179186,0.0232809435498957,0.4766916669387502,10.130749396117936,10.094030339667832,9.700557729179186,-0.0367190564501043,0.4301916669387502,10.127163345231397,10.143319730069443,9.806596062566936,-0.016156384838046378
122.83996525744466,-49.1790403613856,337.335305622543,486.0462362632265,14.005897225646349,14.367405743688574,13.5059246151577,-0.3615085180422248,0.8614811285308743,14.181405743688574,13.759897225646348,13.3664246151577,-0.4215085180422248,0.8149811285308743,14.03544759201295,14.22091133995153,13.549420840863874,-0.185463747938579
122.9855122238149,-49.134478226358354,177.78544220817227,487.63149439570617,14.783864283543648,15.141683961419636,14.283891673055,-0.3578196778759874,0.8577922883646352,14.955683961419636,14.537864283543648,14.144391673055,-0.4178196778759874,0.8112922883646352,14.81109068060552,14.994931338870956,14.326650130727927,-0.18384065826543505
122.80941221925752,-49.19157637198319,372.9007473057928,490.1123368449228,15.79188896960865,15.694061183280182,15.291916359120004,0.0978277863284677,0.4021448241601781,15.508061183280182,15.545888969608649,15.152416359120004,0.0378277863284677,0.3556448241601781,15.532057464221714,15.515413238237189,15.24354532395204,0.016644225984524752
122.65800841619148,-49.23952883693136,539.7523163513085,491.08343520773656,13.247696312293304,13.710753095601094,12.747723701804656,-0.4630567833077901,0.9630293937964378,13.524753095601094,13.001696312293303,12.608223701804656,-0.5230567833077902,0.9165293937964378,13.341222085777211,13.57136707043264,12.811529580563944,-0.23014498465542843
122.50070416326557,-49.29035712320772,713.6148924004905,493.86066661754114,14.525468134942784,14.645744578840118,14.025495524454138,-0.1202764438973336,0.6202490543859795,14.459744578840118,14.279468134942784,13.885995524454138,-0.1802764438973336,0.5737490543859796,14.403042294598103,14.48236392991293,14.020745335331334,-0.07932163531482672
122.83470882648248,-49.19088503387209,349.81792384676965,500.00806733824913,14.888662508538369,15.152081042782187,14.38868989804972,-0.2634185342438186,0.7633911447324682,14.966081042782188,14.642662508538368,14.24918989804972,-0.3234185342438186,0.7168911447324682,14.856416185111973,14.998720340179254,14.412568126996213,-0.142304155067281
123.04208663327536,-49.127220930693206,122.38430088614754,502.09918012822703,13.710503764311015,14.184783322211224,13.210531153822371,-0.4742795579002088,0.974252168388853,13.998783322211224,13.464503764311015,13.071031153822371,-0.5342795579002089,0.927752168388853,13.811099885788147,14.04618289126424,13.276581587500141,-0.23508300547609196
122.19045571774429,-49.39660907266689,1059.939523895251,508.75279436724855,10.613762424168856,10.605414740144544,10.11378981368021,0.0083476840243115,0.4916249264643344,10.419414740144544,10.367762424168856,9.97428981368021,-0.0516523159756885,0.44512492646433444,10.41030338323354,10.433030402262842,10.083314798973076,-0.022727019029302298
122.69017701556676,-49.239431718950826,510.9146481938136,504.67417383044545,14.86570132859332,15.153213495660092,14.365728718104672,-0.2875121670667724,0.7874847775554201,14.967213495660092,14.619701328593319,14.226228718104672,-0.3475121670667724,0.7409847775554201,14.848633993845386,15.001539347354766,14.394425673615755,-0.1529053535093805
122.23326994500898,-49.38636731056558,1015.0418612111516,512.6786002476447,11.26348941813356,11.579073573811655,10.763516807644914,-0.3155841556780956,0.8155567661667416,11.393073573811655,11.01748941813356,10.624016807644914,-0.3755841556780956,0.7690567661667416,11.26410743621076,11.429364464709122,10.797828160878261,-0.1652570284983632
122.62391748442022,-49.26948764076656,589.8146349936329,517.619085867277,16.22143808226546,15.799770848739,15.721465471776812,0.4216672335264615,0.0783053769621879,15.613770848739,15.97543808226546,15.581965471776812,0.3616672335264615,0.03180537696218791,15.75758772514379,15.598454142392146,15.608326547169248,0.15913358275164313
123.03090079409036,-49.14659527218811,145.1865383862936,523.7668216448832,12.552544241515104,12.980023561224815,12.052571631026458,-0.4274793197097111,0.927451930198357,12.794023561224815,12.306544241515104,11.913071631026458,-0.4874793197097111,0.880951930198357,12.623656212932222,12.838147113604494,12.10926201706613,-0.2144909006722724
122.8577418942027,-49.208018202321945,340.47925444552254,533.3394354316142,10.018048153680292,9.719860596704224,9.518075543191646,0.2981875569760674,0.2017850535125784,9.533860596704224,9.772048153680291,9.378575543191646,0.23818755697606742,0.1552850535125784,9.63198999278537,9.5271874677159,9.42963255389416,0.10480252506946997
122.48322898415309,-49.325049198728905,751.8121531949326,534.0427563264986,8.713121236931517,8.384970038448838,8.21314862644287,0.3281511984826792,0.1718214120059684,8.198970038448838,8.467121236931517,8.07364862644287,0.2681511984826792,0.1253214120059684,8.308185981887428,8.19019945455505,8.118712908844063,0.1179865273323788
122.83729752840384,-49.20966572391632,359.8400712863242,526.8296133304208,13.722670773897544,14.028292284700184,13.222698163408896,-0.3056215108026396,0.8055941212912874,13.842292284700184,13.476670773897544,13.083198163408897,-0.3656215108026396,0.7590941212912874,13.717012325703207,13.877885790456368,13.255016987667153,-0.1608734647531609
122.39398668979617,-49.34875278961273,846.9919921278525,528.79579098222,12.983482539941418,13.44982342487919,12.483509929452772,-0.4663408849377717,0.9663134954264176,13.26382342487919,12.737482539941418,12.344009929452772,-0.5263408849377718,0.9198134954264177,13.079077297452214,13.310667286824835,12.547972628538055,-0.23158998937262076
122.63138287575237,-49.27884301361989,589.2502304453207,533.6221695591644,10.642830015945025,10.775253600218532,10.142857405456375,-0.1324235842735071,0.6323961947621566,10.589253600218532,10.396830015945024,10.003357405456375,-0.1924235842735071,0.5858961947621566,10.528056874037334,10.612723251117677,10.140536644408806,-0.08466637708034241
122.1891877655532,-49.41292812505176,1071.6001465373242,530.6486171502088,15.359383939453377,14.939249267543484,14.859411328964727,0.4201346719098922,0.0798379385787573,14.753249267543485,15.113383939453376,14.719911328964727,0.3601346719098922,0.03333793857875732,14.896499096150144,14.738039840509792,14.746578916680479,0.15845925564035213
122.24500414852214,-49.399136195952984,1012.7991578504664,535.1592048915121,12.194204232973169,12.40889774527907,11.694231622484525,-0.2146935123059012,0.7146661227945454,12.22289774527907,11.948204232973168,11.554731622484525,-0.2746935123059012,0.6681661227945455,12.131261145725887,12.252126291140483,11.708364847043434,-0.12086514541459614
122.37720993969096,-49.36571837520921,872.9944742622563,544.9962504438133,10.027470293482718,9.835530094414237,9.527497682994072,0.1919401990684814,0.3080324114201644,9.649530094414237,9.781470293482718,9.387997682994072,0.1319401990684814,0.2615324114201644,9.708347968069575,9.650294280479443,9.460304165278105,0.05805368759013163
122.83693773426742,-49.220915849034945,367.55301669054313,542.0773529016969,11.532128162739092,11.804195953203951,11.032155552250448,-0.2720677904648596,0.7720404009535038,11.618195953203951,11.286128162739091,10.892655552250448,-0.3320677904648596,0.7255404009535038,11.505330870731953,11.651440698536492,11.057763632441148,-0.14610982780453874
122.45124381471598,-49.33879981292362,789.3445417652807,539.3594675257287,15.059243176185625,15.483834043628477,14.55927056569698,-0.424590867442852,0.9245634779314962,15.297834043628477,14.813243176185624,14.41977056569698,-0.484590867442852,0.8780634779314962,15.12853542267462,15.341755404349476,14.615383261283279,-0.21321998167485567
122.20726127292308,-49.41558512306584,1057.1588182653447,541.8925744988534,12.348976023017352,12.532236451157091,11.849003412528706,-0.1832604281397394,0.6832330386283854,12.346236451157091,12.102976023017352,11.709503412528706,-0.2432604281397394,0.6367330386283854,12.266230092745387,12.373264681126873,11.856850020254383,-0.10703458838148627
122.53450280896244,-49.31492447296476,699.3882533430939,541.903977470776,15.471845550363362,15.150707714277138,14.971872939874716,0.3211378360862245,0.1788347744024214,14.964707714277138,15.225845550363362,14.832372939874716,0.2611378360862245,0.13233477440242142,15.07132871362904,14.956428065751101,14.8788398947552,0.11490064787793841
122.5565181857854,-49.32031252078766,683.2242634290905,558.6411140519348,10.167409417392204,10.271000941237784,9.66743680690356,-0.10359152384558,0.6035641343342242,10.085000941237784,9.921409417392203,9.52793680690356,-0.16359152384558,0.5570641343342242,10.034472077414918,10.106452347906973,9.659349633770404,-0.07198027049205535
122.19419586368552,-49.42903357700191,1077.5148167298653,554.8864952165111,14.389205995959172,14.652206728855434,13.88923338547053,-0.2630007328962627,0.7629733433849051,14.466206728855434,14.143205995959171,13.74973338547053,-0.3230007328962627,0.7164733433849051,14.356696457683816,14.498816780158172,13.91302805414751,-0.1421203224743568
123.09996472656545,-49.14997917452681,85.68581873758919,558.1993979964503,12.89902723224903,13.084848298955642,12.399054621760383,-0.1858210667066124,0.6857936771952584,12.898848298955642,12.653027232249029,12.259554621760383,-0.24582106670661238,0.6392936771952584,12.817894504274195,12.926055773625105,12.407413357199435,-0.10816126935091042
122.9639644438124,-49.19469971020214,236.767871095289,560.7339739515708,12.93106038449363,13.422747508534728,12.431087774004986,-0.491687124041098,0.9916597345297422,13.236747508534728,12.68506038449363,12.291587774004986,-0.551687124041098,0.9451597345297422,13.04262327263952,13.285365607217605,12.500619720910935,-0.24274233457808414
122.6278241641601,-49.29939881742356,605.8585456191913,560.283974640292,14.652192728526536,14.801158198613257,14.152220118037889,-0.1489654700867202,0.648938080575368,14.615158198613257,14.406192728526536,14.012720118037889,-0.2089654700867202,0.602438080575368,14.547840974681169,14.639785781519327,14.153207734152963,-0.09194480683815875
122.534456187867,-49.33233582049746,710.7735280342598,565.7644341831082,12.608170761599332,12.831670565897534,12.108198151110685,-0.2234998042982017,0.7234724147868494,12.645670565897534,12.362170761599332,11.968698151110685,-0.2834998042982017,0.6769724147868494,12.550775638307199,12.675515552198409,12.124092634068054,-0.12473991389120975
122.89068196819034,-49.227078509728784,323.57715894701585,573.557692116559,11.829643064399926,12.14365936559787,11.32967045391128,-0.3140163011979435,0.8139889116865895,11.95765936559787,11.583643064399926,11.19017045391128,-0.3740163011979435,0.7674889116865895,11.82927333415463,11.993840506681726,11.363668236248598,-0.16456717252709652
122.3390342914856,-49.39826775395069,928.208426134788,573.573577583176,14.014089799887705,14.34765365598174,13.51411718939906,-0.3335638560940346,0.8335364665826788,14.16165365598174,13.768089799887704,13.37461718939906,-0.3935638560940346,0.7870364665826788,14.026035029226946,14.199203125908321,13.552024482715597,-0.17316809668137445
122.64971439554382,-49.30590330263689,590.5513500811207,578.5186958266935,10.09866644960376,10.00844309251371,9.598693839115114,0.0902233570900499,0.409749253398596,9.82244309251371,9.85266644960376,9.459193839115114,0.030223357090049904,0.36324925339859604,9.843625734637028,9.830327457517406,9.551843689794833,0.01329827711962217
122.98438377912504,-49.19848343213128,221.01857872403087,574.6941153196794,13.920847805633276,14.141177973742677,13.42087519514463,-0.2203301681094007,0.7203027785980467,13.955177973742677,13.674847805633275,13.28137519514463,-0.2803301681094007,0.6738027785980467,13.861455811542198,13.984801085510334,13.436135750864239,-0.12334527396813577
122.69424180635444,-49.2920006994306,541.6803972914195,578.4401168506507,10.741428834181338,10.836218761493363,10.241456223692692,-0.0947899273120249,0.5947625378006709,10.650218761493363,10.495428834181338,10.101956223692692,-0.1547899273120249,0.5482625378006709,10.602946488387913,10.671054056405204,10.231608731252827,-0.06810756801729134
122.45967442484472,-49.36445505985012,798.4888995374529,578.132344417852,12.95028108033013,12.97605633363595,12.450308469841485,-0.0257752533058202,0.5257478637944661,12.79005633363595,12.70428108033013,12.310808469841485,-0.0857752533058202,0.47924786379446616,12.768319489912797,12.806060601367358,12.426658042600378,-0.037741111454561604
122.53862543050114,-49.34822298734223,717.401529516228,589.3230390514822,12.231629956862644,12.576044934934558,11.731657346373998,-0.3444149780719137,0.8443875885605596,12.390044934934558,11.985629956862644,11.592157346373998,-0.4044149780719137,0.7978875885605596,12.25041139304795,12.428353983399592,11.77173486408611,-0.17794259035164295
122.55629517709032,-49.34574614462958,700.0057798043697,593.4249130346491,10.866356349482103,11.023806515863551,10.36638373899346,-0.157450166381448,0.6574227768700922,10.837806515863551,10.620356349482103,10.22688373899346,-0.21745016638144798,0.6109227768700922,10.767349954302414,10.863028027510252,10.369068294367477,-0.0956780732078375
122.43449373784792,-49.38170234734614,832.1913246022108,591.1463285665899,15.818776384167236,15.477583217549862,15.318803773678592,0.3411931666173746,0.1587794438712695,15.291583217549862,15.572776384167236,15.179303773678592,0.2811931666173746,0.11227944387126951,15.405624689198289,15.281899695886645,15.221759662452845,0.12372499331164377
123.02736253183453,-49.19864899107832,182.73531057056607,593.4237646710145,14.880457817046604,15.362324971879085,14.380485206557957,-0.4818671548324804,0.9818397653211282,15.176324971879085,14.634457817046604,14.240985206557957,-0.5418671548324804,0.9353397653211282,14.985834124591067,15.224255672717359,14.448053159622182,-0.23842154812629168
122.91953899558624,-49.23442250258688,302.6356416651467,595.9924992939413,17.6345277720796,17.004475810269543,17.134555161590953,0.6300519618100573,-0.1300793513214095,16.818475810269543,17.388527772079602,16.99505516159095,0.5700519618100572,-0.17657935132140948,17.03939503613927,16.788572172942843,16.97973929132667,0.25082286319642577
122.51485797602945,-49.36155838190652,747.3158961320937,597.5342395881557,13.210244343235658,13.52092906771536,12.710271732747012,-0.3106847244797013,0.8106573349683472,13.33492906771536,12.964244343235658,12.570771732747012,-0.3706847244797013,0.7641573349683473,13.20777571965787,13.370876998428939,12.743603199740681,-0.1631012787710695
123.18254202534963,-49.15590861335851,15.8424896977454,602.0046187119902,12.452763260233546,12.74167221605075,11.9527906497449,-0.2889089558172042,0.7888815663058502,12.55567221605075,12.206763260233545,11.8132906497449,-0.3489089558172042,0.7423815663058502,12.436575902398383,12.590095842957954,11.98176696300607,-0.15351994055957086
122.89513668857686,-49.24875863301325,333.8681294803303,605.1397965667081,13.27908680430484,13.668903928586262,12.779114193816191,-0.3898171242814232,0.889789734770071,13.482903928586262,13.033086804304839,12.639614193816191,-0.4498171242814232,0.843289734770071,13.326471592602134,13.524391127285961,12.828272140770205,-0.19791953468382673
123.09751252423716,-49.18718953740995,112.5081807551717,608.0033609669325,12.946012207926149,13.14616748195581,12.4460395974375,-0.2001552740296617,0.7001278845183112,12.96016748195581,12.700012207926148,12.3065395974375,-0.2601552740296617,0.6536278845183112,12.873910030564835,12.988378351137886,12.457265174341162,-0.11446832057305123
122.98090108528169,-49.226652059036695,242.7165544688079,611.7264353162665,13.937820824630087,14.345545406565686,13.43784821414144,-0.4077245819355983,0.907697192424246,14.159545406565686,13.691820824630087,13.29834821414144,-0.4677245819355983,0.861197192424246,13.996487311249513,14.202286127301177,13.490587652626289,-0.20579881605166328
123.06709503945405,-49.21078617359134,155.2812106530803,627.1404412689371,13.664473358440643,14.151480372738012,13.164500747951998,-0.4870070142973688,0.9869796247860148,13.965480372738012,13.418473358440643,13.025000747951998,-0.5470070142973689,0.9404796247860148,13.773087777447985,14.013770863738827,13.2330966729092,-0.24068308629084179
122.54852615818562,-49.37422357980186,725.5102761999792,629.1819184360816,11.45951115383495,11.646448876731192,10.959538543346303,-0.1869377228962427,0.6869103333848887,11.460448876731192,11.213511153834949,10.820038543346303,-0.2469377228962427,0.6404103333848887,11.379081919259582,11.487734517333928,10.96812061002328,-0.10865259807434668
122.98036266641718,-49.25580795781899,262.4386049697039,651.3762649202897,13.818907733251676,14.277897675433442,13.31893512276303,-0.4589899421817662,0.9589625526704122,14.091897675433442,13.572907733251675,13.17943512276303,-0.5189899421817662,0.9124625526704122,13.909871396826187,14.138226971386166,13.381927633297112,-0.2283555745599788
122.6883401568398,-49.35207713097228,586.2750154530801,658.2446154581806,12.904100748301856,13.277568538910124,12.40412813781321,-0.3734677906082684,0.8734404010969143,13.091568538910124,12.658100748301855,12.26462813781321,-0.4334677906082684,0.8269404010969144,12.941185456385064,13.131911284252702,12.450016218032593,-0.19072582786763803
122.58325369175289,-49.38407723040723,700.9487625688747,657.4293523114492,15.215024839556042,15.698459617017068,14.715052229067396,-0.4834347774610261,0.983407387949672,15.512459617017068,14.969024839556042,14.575552229067396,-0.5434347774610261,0.936907387949672,15.321388749356489,15.56050005143934,14.78293370665733,-0.23911130208285059
122.9422468009084,-49.27376595083139,308.293969070542,659.5725618600271,15.52034447924396,15.47024049353677,15.020371868755314,0.0501039857071905,0.4498686247814554,15.28424049353677,15.27434447924396,14.880871868755314,-0.0098960142928095,0.4033686247814554,15.290578968248429,15.294933214537267,14.981545593711605,-0.0043542462888375155
122.9552313725568,-49.2730181261903,296.21653314522405,664.123600462766,13.800544280125308,14.200893279971616,13.300571669636664,-0.4003489998463081,0.9003216103349523,14.014893279971616,13.554544280125308,13.161071669636664,-0.4603489998463081,0.8538216103349523,13.854564150028482,14.057117709960858,13.351835991703654,-0.202553559932376
122.39850524059904,-49.45052441553992,909.0193828852912,670.4034919298379,10.637582966156389,10.80038188495426,10.13761035566774,-0.162798918797872,0.6627715292865215,10.61438188495426,10.391582966156388,9.99811035566774,-0.222798918797872,0.6162715292865215,10.541946284999048,10.639977809270112,10.141364661525044,-0.09803152427106454
122.5748929071982,-49.39719239940148,716.9673318605447,671.8645060027967,13.866017162359086,14.211571759046404,13.36604455187044,-0.3455545966873181,0.8455272071759641,14.025571759046404,13.620017162359085,13.22654455187044,-0.4055545966873181,0.7990272071759641,13.885516558272096,14.063960580814516,13.406349993305632,-0.1784440225424202
122.61126778835131,-49.39492875112633,683.0473887532909,684.2007908300923,13.85038127618203,14.19892428952558,13.350408665693385,-0.3485430133435496,0.8485156238321956,14.01292428952558,13.60438127618203,13.210908665693385,-0.4085430133435496,0.8020156238321956,13.871763374588467,14.051522300459629,13.391311790459824,-0.1797589258711625
122.44562107464074,-49.4519963209795,867.9573892219177,692.3149347711845,15.066468703768647,15.381935739238363,14.566496093280003,-0.315467035469716,0.8154396459583602,15.195935739238363,14.820468703768647,14.426996093280003,-0.375467035469716,0.7689396459583602,15.067012936114567,15.232218431721243,14.600784022471675,-0.16520549560667597
