ra,dec,x_v,y_v,B_mag,V_mag,R_mag,B-V,V-R,BV_0,V_0,MV,Mass
122.7276748224684,-48.86011012797628,229.2695589355336,1.0254573551247228,10.103855036910996,9.815909328006436,9.603882426422349,0.2879457089045605,0.2120269015840872,0.22794570890455984,9.629909328006436,1.5099093280064366,2.5646196407220065
122.6983439166534,-48.869032458989714,261.5422361392467,0.6344195712605811,13.801779034872334,13.93622154246052,13.301806424383688,-0.1344425075881865,0.6344151180768325,-0.1944425075881859,13.75022154246052,5.6302215424605215,0.8066516773673756
122.55024423582763,-48.91526379408348,425.18905759200993,0.484664798433205,14.340301886333856,14.394119699677518,13.84032927584521,-0.0538178133436613,0.5537904238323073,-0.11381781334366357,14.208119699677518,6.088119699677518,0.7567325971704985
122.53361405565464,-48.92056214365014,443.6264781548598,0.6363054979456847,14.484324722762771,14.444182482952575,13.984352112274124,0.040142239810196,0.4598303706784516,-0.019857760189803467,14.258182482952575,6.138182482952576,0.7524415014612078
122.41133971702456,-48.96126551107666,580.2676497174692,4.284373366902248,15.38954020579915,15.331465832504623,14.889567595310504,0.0580743732945272,0.4418982371941187,-0.0019256267054704873,15.145465832504623,7.025465832504624,0.6763886429281751
121.971242868111,-49.105702610540035,1069.9325633868075,16.57249572459093,12.153611811215704,12.406772864896642,11.653639200727058,-0.2531610536809374,0.7531336641695834,-0.31316105368093516,12.220772864896642,4.100772864896642,1.3121618716077188
122.64886192943209,-48.89416403245857,322.546081631952,13.820717219946117,13.404091818771462,13.600811008331137,12.904119208282818,-0.1967191895596745,0.6966918000483187,-0.25671918955967576,13.414811008331137,5.294811008331138,0.8866928275573422
122.7752753790215,-48.85692921438497,184.27588874670215,17.16423708732491,13.170138165555066,13.381871539783065,12.67016555506642,-0.2117333742279985,0.7117059847166445,-0.2717333742279979,13.195871539783065,5.075871539783066,0.9389397461881321
122.85788828759392,-48.836530979313885,96.4494515992239,24.87067667298412,11.680288333473976,11.74861686076224,11.180315722985329,-0.0683285272882638,0.5683011377769116,-0.12832852728826388,11.56261686076224,3.442616860762241,1.501640697608391
122.21037032665248,-49.03638588078347,809.9266676874572,22.102026437758283,16.146099562832962,16.2363843836135,15.646126952344316,-0.0902848207805391,0.5902574312691851,-0.15028482078053654,16.0503843836135,7.930384383613502,0.596188054789911
122.46265393789152,-48.983707634963565,548.5662216896277,56.957328178647984,12.97879581640871,13.255492445091765,12.478823205920062,-0.2766966286830552,0.7766692391717029,-0.3366966286830536,13.069492445091765,4.9494924450917654,0.9690983937849197
122.50608214922956,-48.97361275203586,502.8956789331087,61.63950719186827,11.824243048235832,11.754697675118065,11.324270437747186,0.0695453731177675,0.4304272373708784,0.009545373117769151,11.568697675118065,3.4486976751180656,1.5002894055293188
122.70986208384022,-48.91385039651909,280.4250207784887,66.99466877306286,10.877343045881224,10.562115334231258,10.377370435392578,0.3152277116499657,0.1847448988386801,0.25522771164996494,10.376115334231258,2.256115334231259,1.9719423328843706
122.18062372291406,-49.07444496946429,861.2229958962115,61.825186080388576,12.566685501538783,12.571183634311652,12.06671289105014,-0.0044981327728681,0.5044707432615123,-0.06449813277287073,12.385183634311652,4.2651836343116525,1.240232159988652
122.05994128967164,-49.119950733669995,999.1417596092084,73.48258133186548,14.459185745140804,14.625058313502947,13.959213134652156,-0.1658725683621433,0.6658451788507911,-0.22587256836214548,14.439058313502947,6.319058313502948,0.7369378588426044
122.41887203673312,-49.01661720110851,609.3288664223302,83.4654177585358,13.001572863035712,13.239515163585212,12.501600252547066,-0.2379423005495002,0.7379149110381462,-0.2979423005494985,13.053515163585212,4.933515163585213,0.972911154144438
122.46643827452334,-49.00692761016382,560.2196449939015,90.4320191753597,10.722374364505663,10.541436016922065,10.22240175401702,0.1809383475835986,0.3190342629050455,0.12093834758359845,10.355436016922065,2.2354360169220655,1.9822819915389673
122.09275639709574,-49.12170983836913,970.7224364534644,89.72340538768205,15.886275872754196,15.85042088875966,15.386303262265551,0.0358549839945361,0.464117626494108,-0.024145016005464842,15.66442088875966,7.54442088875966,0.6304959209991413
122.01660989847012,-49.156002835459375,1061.2581186185705,104.84942345690872,10.631560538414169,10.59367839345993,10.131587927925525,0.0378821449542385,0.4620904655344056,-0.022117855045760283,10.40767839345993,2.287678393459931,1.9561608032700346
122.82481933032724,-48.90339847848495,170.07218627384455,102.14997903621042,12.258471698748636,12.490452399238164,11.75849908825999,-0.2319807004895278,0.7319533109781737,-0.29198070048953134,12.304452399238164,4.184452399238165,1.275552075333303
122.30846534797634,-49.067500414273766,741.6372855752984,106.41241793394018,11.299188248789306,11.372883088791472,10.799215638300662,-0.0736948400021653,0.5736674504908095,-0.13369484000216775,11.186883088791472,3.0668830887914726,1.5851370913796727
122.67643219092682,-48.95699903693436,338.6964131681644,111.76802707656722,9.837635423632095,9.56061029147152,9.337662813143451,0.2770251321605759,0.2229474783280682,0.21702513216057684,9.37461029147152,1.2546102914715203,2.7735006706142107
122.53534809852412,-49.01224604586547,501.64988811593986,127.12876284873762,9.790806295036122,9.610407620112875,9.290833684547476,0.1803986749232464,0.3195739355653995,0.1203986749232484,9.424407620112875,1.304407620112876,2.732757401725829
122.6909553042434,-48.957738774979816,326.10850020487186,119.01279135362095,14.559814590114826,14.57951639472621,14.05984197962618,-0.019701804611385,0.519674415100031,-0.07970180461138585,14.39351639472621,6.273516394726212,0.7408414518806105
122.51592211187076,-49.01850689355268,523.198703432548,127.42394905626615,12.266033520650527,12.517814776419891,11.766060910161883,-0.2517812557693641,0.7517538662580083,-0.3117812557693677,12.331814776419892,4.211814776419892,1.263581035316297
122.298601710436,-49.0836126896308,760.9197064943158,124.35965326190836,14.327356951611012,14.533870233797254,13.827384341122368,-0.2065132821862416,0.7064858926748858,-0.26651328218624215,14.347870233797254,6.227870233797255,0.7447539799602354
122.26157179792104,-49.1002067970581,804.9485550024219,131.46765341969382,11.51671862763398,11.715810446719438,11.016746017145334,-0.1990918190854582,0.6990644295741042,-0.2590918190854618,11.529810446719438,3.4098104467194386,1.5089310118401247
122.56023830188688,-49.00500940148952,474.5471716179897,127.83626362974826,13.548367106793629,13.680542582234525,13.04839449630498,-0.1321754754408957,0.6321480859295452,-0.19217547544089375,13.494542582234525,5.374542582234525,0.8676659746940338
122.38487730976034,-49.05940916766393,667.639529605748,127.74374847914744,14.87965762992848,14.970298411264194,14.379685019439831,-0.090640781335713,0.5906133918243626,-0.15064078133571374,14.784298411264194,6.664298411264195,0.7073458504630691
122.02330720943674,-49.174603205672334,1067.1468705343243,133.2535845089833,13.701622855030813,13.822639134264316,13.201650244542163,-0.121016279233503,0.6209888897221525,-0.18101627923350203,13.636639134264316,5.516639134264317,0.833756570232379
122.44991300002434,-49.050165644501035,603.1386432040069,142.72226524794826,15.434014976095453,15.38096683319033,14.934042365606809,0.0530481429051228,0.4469244675835213,-0.006951857094874905,15.19496683319033,7.074966833190331,0.6721457000122574
122.59609351457463,-49.00831979016589,444.44446572582245,147.70385273836152,12.11140143132465,11.998711758330929,11.611428820836004,0.1126896729937207,0.3872829374949251,0.0526896729937195,11.812711758330929,3.6927117583309297,1.4460640537042377
122.24466295115712,-49.12124239043602,833.726652908386,153.21228045905588,14.41003189808448,14.67025148388649,13.910059287595836,-0.2602195858020106,0.7601921962906548,-0.3202195858020098,14.48425148388649,6.364251483886491,0.7330641585240151
122.07592716912652,-49.17637708527946,1020.9519513908834,157.81810337004634,13.247501636067907,13.241295501531278,12.74752902557926,0.0062061345366295,0.4937664759520181,-0.05379386546336916,13.055295501531278,4.935295501531279,0.9724863007709449
122.8984114711954,-48.92694062998467,119.3036551212979,166.11725344104434,13.5671035888332,13.792540886479149,13.067130978344554,-0.2254372976459482,0.7254099081345942,-0.2854372976459494,13.606540886479149,5.486540886479149,0.8409391066356576
122.78308511474208,-48.96198539573429,246.0024526379544,164.40892591381058,14.717176057105672,14.93205782471692,14.217203446617026,-0.2148817676112475,0.7148543780998935,-0.2748817676112474,14.74605782471692,6.62605782471692,0.7106236150242641
122.46701349060024,-49.06231972186264,595.6439101715629,166.68150879607714,14.872901025252316,15.108064172307488,14.372928414763669,-0.2351631470551716,0.7351357575438193,-0.29516314705517194,14.922064172307488,6.802064172307489,0.6955373566593581
122.81709816479795,-48.95802807031299,212.82373258745557,173.62466518044394,13.952239418334711,14.08130158967322,13.452266807846067,-0.1290621713385089,0.6290347818271531,-0.18906217133851105,13.89530158967322,5.775301589673221,0.7835455780280096
122.64301426845184,-49.01369403238208,405.75020251748856,175.14932999951924,11.87431444320675,12.039912102979429,11.374341832718104,-0.1655976597726791,0.6655702702613251,-0.2255976597726811,11.853912102979429,3.7339121029794295,1.4369084215601267
122.37307774786372,-49.10450957022404,707.4469506356564,184.64695466446264,10.1380996810892,10.025244124362125,9.638127070600554,0.1128555567270748,0.3871170537615711,0.052855556727075134,9.839244124362125,1.7192441243621257,2.3933457164309884
122.6068255126056,-49.03129545355995,449.7613483710087,183.7932804095308,11.923934576809623,12.180346885560477,11.423961966320975,-0.2564123087508534,0.7563849192395011,-0.31641230875085197,11.994346885560477,3.8743468855604775,1.4057006920976716
122.31693258474586,-49.11802393497248,766.6624915509038,179.38969045595735,16.113816726713026,16.146384504667104,15.613844116224378,-0.0325677779540782,0.532540388442726,-0.09256777795408247,15.960384504667104,7.840384504667105,0.6041880440295907
122.2338832970771,-49.14392601049779,858.0463473242183,179.82079365448476,14.96110218526862,15.16548009182153,14.461129574779973,-0.2043779065529101,0.7043505170415578,-0.2643779065529075,14.97948009182153,6.859480091821531,0.690615992129583
122.75777217221231,-48.98770665621572,285.5994235921737,188.7573079643823,15.197475453871505,15.25709302537484,14.697502843382855,-0.0596175715033346,0.5595901819919842,-0.11961757150333727,15.07109302537484,6.95109302537484,0.6827634549678708
122.97517145420002,-48.92318757706971,47.81916448336224,194.1444815542048,14.244628610880106,14.51637716013729,13.744656000391458,-0.2717485492571843,0.771721159745832,-0.3317485492571841,14.33037716013729,6.210377160137291,0.7462533862739466
122.33287646259969,-49.1268544636081,758.0390365082715,198.2740319436234,15.122847208022277,15.216899196179694,14.622874597533633,-0.0940519881574175,0.5940245986460617,-0.15405198815741755,15.030899196179694,6.910899196179695,0.6862086403274547
122.84218279831386,-48.97003056688093,198.14326346457463,200.85822494912944,14.249997734707822,14.516560932028977,13.750025124219174,-0.2665631973211546,0.7665358078098023,-0.32656319732115785,14.330560932028977,6.210560932028978,0.7462376343975162
122.641466003972,-49.03319710440732,419.8635533175636,201.21896677239116,14.00896316487561,14.192797513854172,13.508990554386962,-0.1838343489785625,0.6838069594672103,-0.2438343489785611,14.006797513854172,5.886797513854173,0.7739887845267852
122.58670752378995,-49.06020713239259,486.6784268897172,214.83434669469105,9.385140956167286,9.115402987482556,8.88516834567864,0.2697379686847299,0.230234641803916,0.2097379686847286,8.929402987482556,0.8094029874825566,3.423074622531398
122.34556779557796,-49.13265392749388,750.3846284118065,211.61784656465449,12.03897128299838,12.26317585303949,11.538998672509733,-0.2242045700411097,0.7241771805297574,-0.2842045700411109,12.07717585303949,3.957175853039491,1.3749855642952227
122.45899677314196,-49.09909218289183,626.7151930084727,213.72596464699456,14.443574373490456,14.513922341002123,13.94360176300181,-0.0703479675116671,0.5703205780003131,-0.13034796751166766,14.327922341002123,6.207922341002124,0.7464637993426751
122.688810049509,-49.02832156545997,374.1346896458244,214.81182635359744,13.35454525724182,13.498854296590826,12.854572646753176,-0.1443090393490056,0.6442816498376498,-0.20430903934900693,13.312854296590826,5.192854296590827,0.9110234064953708
122.87559831294033,-48.978130518050705,173.43197379118087,226.341297567534,13.08848589674336,13.318674997802956,12.588513286254711,-0.2301891010595955,0.730161711548245,-0.2901891010595959,13.132674997802956,5.012674997802957,0.954020739160658
122.4216002524422,-49.12065927351617,674.304229000452,227.42262823961116,14.199954602881895,14.285311001562096,13.699981992393251,-0.0853563986802008,0.585329009168845,-0.14535639868020003,14.099311001562096,5.979311001562097,0.7660590570089632
122.83621825940688,-48.99450732785699,219.5595481000662,231.80073045478517,15.617461167838597,15.278002406689,15.117488557349953,0.3394587611495971,0.160513849339047,0.27945876114959844,15.092002406689,6.9720024066890005,0.6809712222838
122.44510377309,-49.12213366956522,654.1480928343572,239.43532294058025,12.570231068032124,12.852844244912845,12.07025845754348,-0.2826131768807212,0.7825857873693653,-0.34261317688072346,12.666844244912845,4.546844244912846,1.11700564285063
122.49399013885784,-49.10847414839861,601.3710734692552,241.4920732679725,13.684629353826924,13.896513307213766,13.184656743338277,-0.2118839533868417,0.7118565638754895,-0.2718839533868408,13.710513307213766,5.590513307213767,0.8161275062330784
122.20306003778254,-49.19957041599041,921.6097402848084,243.26721758911097,16.043418940430286,16.262925025303858,15.54344632994164,-0.2195060848735721,0.7194786953622181,-0.2795060848735734,16.076925025303858,7.956925025303859,0.593828886639657
122.34864305478357,-49.17958270280992,777.9875945949731,277.3581159358916,8.65197581402318,8.476449033131995,8.152003203534534,0.1755267808911842,0.3244458295974617,0.11552678089118262,8.290449033131996,0.17044903313199633,4.620051845838916
122.4625836475489,-49.14193408139538,651.3036839875696,274.03701666103706,13.10688196601878,13.335574277994915,12.606909355530131,-0.2286923119761361,0.7286649224647839,-0.2886923119761349,13.149574277994915,5.029574277994916,0.9499879563875769
122.16763997109564,-49.23549811293573,976.5538683600904,277.7145362346506,12.395097442290052,12.34889739019419,11.895124831801407,0.0462000520958607,0.4537725583927834,-0.013799947904138757,12.16289739019419,4.042897390194192,1.3374823917900411
122.21338111232176,-49.22952388888145,931.6504523355992,288.78357185828133,9.157974444925356,8.863025403605096,8.65800183443671,0.29494904132026,0.2050235691683859,0.23494904132025823,8.677025403605096,0.5570254036050972,3.8820424112993597
122.5764820991262,-49.11283732920828,530.1430144381166,282.633764634447,11.72552474710132,11.941179362938255,11.225552136612675,-0.2156546158369359,0.7156272263255801,-0.2756546158369385,11.755179362938255,3.6351793629382563,1.4588490304581652
122.45383415449623,-49.160288508104635,671.0725881855684,295.50353103049514,10.82348137773116,10.884428414747466,10.323508767242512,-0.0609470370163069,0.5609196475049547,-0.12094703701630828,10.698428414747466,2.578428414747467,1.8107857926262665
122.62750170234672,-49.109847982464494,482.40688092553296,300.31578159836937,9.533954674884855,9.305391104670786,9.03398206439621,0.2285635702140691,0.2714090402745768,0.1685635702140677,9.119391104670786,0.9993911046707868,3.081096011592584
122.35848952542436,-49.19858387817067,781.4510888000403,307.6181531924387,9.130994041345588,8.776161388821203,8.631021430856944,0.3548326525243848,0.1451399579642593,0.2948326525243819,8.590161388821203,0.47016138882120373,4.047873712250429
122.40283380905667,-49.193954894524715,738.6706260490943,320.0579911647228,8.946760526608784,8.626229299580386,8.446787916120138,0.3205312270283986,0.1794413834602473,0.26053122702839976,8.440229299580386,0.3202292995803866,4.334107700801081
122.46542013424636,-49.185874149931294,677.2928333336271,335.53347335415276,8.829613300657353,8.56681097329843,8.329640690168707,0.2628023273589228,0.2371702831297231,0.20280232735892317,8.38081097329843,0.2608109732984314,4.447542687339358
122.86174151773147,-49.05571177084276,236.82164883263627,326.56978096649635,14.281490787384117,14.337509722680986,13.781518176895467,-0.0560189352968691,0.5559915457855187,-0.11601893529686935,14.151509722680986,6.031509722680987,0.7615848809130583
122.78132105248834,-49.08059463202324,325.28106990904473,326.08950738663555,15.063489944746593,15.109192831768365,14.563517334257948,-0.0457028870217719,0.5456754975104161,-0.1057028870217742,14.923192831768365,6.803192831768365,0.6954406144198544
122.62231398598726,-49.13390947569096,502.7580509633147,331.0838134159102,13.346557446912918,13.4672512991208,12.846584836424272,-0.1206938522078822,0.6206664626965281,-0.18069385220788203,13.2812512991208,5.161251299120801,0.9185650308916271
122.7029865556255,-49.11429684635696,417.59872666044646,338.6882304368386,10.12677508379678,10.172997656251876,9.626802473308134,-0.0462225724550968,0.5461951829437428,-0.10622257245509928,9.986997656251877,1.8669976562518773,2.272456463066646
122.84377591409144,-49.073775579559445,264.7955421432949,343.5731906112436,13.00279328539139,13.043703024777084,12.502820674902743,-0.0409097393856949,0.5408823498743409,-0.10090973938569417,12.857703024777084,4.737703024777085,1.0342904063428813
122.44862755678348,-49.19287512456452,696.898252896257,338.00810762813063,14.533591833163904,14.77531026745129,14.03361922267526,-0.241718434287387,0.7416910447760312,-0.3017184342873867,14.58931026745129,6.4693102674512915,0.7240591199327465
122.2093563426982,-49.27110167247084,962.0696244443426,344.22258612698334,11.14652087449486,11.282931248637285,10.646548264006212,-0.1364103741424251,0.6363829846310729,-0.19641037414242404,11.096931248637285,2.9769312486372854,1.6115343756813574
123.0328181407453,-49.014887242923514,56.50997341241897,344.4891647008352,13.130343938608616,13.202074378904454,12.630371328119969,-0.0717304402958376,0.5717030507844854,-0.1317304402958373,13.016074378904454,4.896074378904455,0.9818458868523461
122.64516509370182,-49.13820443612923,485.0688870591673,346.7293532066073,12.995342015845784,13.085724400523755,12.495369405357138,-0.0903823846779712,0.5903549951666172,-0.15038238467797024,12.899724400523755,4.779724400523756,1.0167814997817683
122.429904680808,-49.20590610654483,722.144713467136,347.94414451582134,12.781188208832104,12.845729347920589,12.281215598343458,-0.0645411390884849,0.5645137495771309,-0.12454113908848394,12.659729347920589,4.53972934792059,1.1201184102847421
122.48308343493412,-49.18922199785682,663.6290432432227,347.63207288256757,14.047209772723054,14.24862172493213,13.547237162234408,-0.2014119522090762,0.7013845626977222,-0.2614119522090771,14.06262172493213,5.942621724932131,0.7692038521486745
122.65500127331929,-49.13797525191611,476.0998355971457,350.61723273904965,13.615828162670542,13.8983571112491,13.115855552181898,-0.2825289485785571,0.7825015590672013,-0.3425289485785562,13.7123571112491,5.5923571112491,0.8156875075428284
122.9732039115136,-49.041896885473655,127.77583607465982,355.68369229400207,13.24094588422755,13.386148015074156,12.740973273738904,-0.1452021308466058,0.6451747413352518,-0.20520213084660713,13.200148015074156,5.0801480150741565,0.9379192236754854
122.26182247636592,-49.26932179140971,913.8841746591612,363.9004547328644,11.4600914523828,11.355156792764957,10.960118841894154,0.1049346596178431,0.3950379508708028,0.044934659617842126,11.169156792764957,3.0491567927649577,1.589076268274454
122.36112707953546,-49.243672396586426,808.2846304182513,370.6401130057829,10.875955789338716,10.872127372031033,10.375983178850069,0.0038284173076839,0.4961441931809638,-0.05617158269231496,10.686127372031033,2.5661273720310334,1.8169363139844834
122.95657999364134,-49.060282835213755,154.79089068602408,373.6661873174109,15.65141011843266,15.394263790352296,15.151437507944015,0.2571463280803634,0.2428262824082807,0.19714632808036392,15.208263790352296,7.088263790352297,0.671005960826946
122.20593381107446,-49.30848834839285,989.2475908686756,394.1584891387006,16.296526366031316,15.83816196846968,15.79655375554267,0.4583643975616347,0.0416082129270112,0.39836439756163716,15.65216196846968,7.532161968469682,0.6315856028026949
122.7358379663056,-49.15008685982374,411.5703518475405,401.7814238854185,12.424669422454311,12.507448773390824,11.924696811965669,-0.0827793509365122,0.5827519614251546,-0.14277935093651367,12.321448773390824,4.201448773390824,1.2681161616415144
122.8112380161564,-49.128834439857314,330.0937633134499,404.98441245869105,15.75289428270958,15.436936554095158,15.252921672220936,0.3159577286144213,0.1840148818742228,0.25595772861441934,15.250936554095158,7.130936554095159,0.6672500840804303
122.4161724851208,-49.25826170181832,768.4235355526978,413.9772660917769,15.20891949752737,15.483445633633934,14.708946887038724,-0.274526136106564,0.77449874659521,-0.3345261361065676,15.297445633633934,7.177445633633935,0.6631159436769836
122.33824157896852,-49.28549920283417,855.8750499791684,418.39135433371126,15.17356814149456,15.05802554624382,14.673595531005912,0.1155425952507389,0.3844300152379087,0.055542595250740415,14.87202554624382,6.7520255462438215,0.6998263817505296
122.52525417354651,-49.23836329035582,657.805448120185,432.96635125922234,9.966896041830848,9.672707038259496,9.4669234313422,0.2941890035713523,0.2057836069172953,0.23418900357135153,9.486707038259496,1.3667070382594968,2.681785150514957
123.11137155222109,-49.0535699416085,11.677715499405974,431.3547001478153,13.802044800083202,13.893069393854493,13.302072189594556,-0.0910245937712908,0.5909972042599367,-0.1510245937712929,13.707069393854493,5.5870693938544935,0.8169493491938141
122.93607381968066,-49.1167364592322,210.34056138168563,442.0701284124473,14.056493961804918,14.27089162752781,13.55652135131627,-0.2143976657228918,0.7143702762115396,-0.2743976657228935,14.08489162752781,5.964891627527811,0.7672950033547591
122.70770610800848,-49.19064925900449,463.3127614369978,445.3197924700951,11.64288613463626,11.83189146500661,11.142913524147614,-0.1890053303703496,0.6889779408589956,-0.24900533037034994,11.64589146500661,3.5258914650066107,1.483135229998531
122.64722695346754,-49.21645595053766,534.3239749443264,454.8624555047436,14.319586027994449,14.369922649524923,13.8196134175058,-0.0503366215304748,0.5503092320191243,-0.11033662153047691,14.183922649524924,6.063922649524924,0.7588066300407208
122.86441342297864,-49.15019272683107,296.50211526347937,457.0478605780209,14.295862245036068,14.40593165524716,13.795889634547422,-0.1100694102110928,0.6100420206997388,-0.17006941021109187,14.21993165524716,6.099931655247161,0.7557201438359576
123.1151615251747,-49.076429534111995,23.412745381524378,464.23922779565294,13.535281088364153,13.563369423812128,13.035308477875503,-0.0280883354479755,0.528060945936625,-0.08808833544797227,13.377369423812128,5.257369423812129,0.895627751135742
122.97758395639988,-49.11904005008084,174.69932843899852,463.09823952324894,15.707909587680357,15.529194585537056,15.20793697719171,0.178715002143301,0.3212576083453449,0.11871500214330169,15.343194585537056,7.2231945855370565,0.6590493701744838
122.53269613722912,-49.27661226577024,676.0486791227652,488.5900416675969,8.51765573530697,8.131259202997429,8.017683124818324,0.3863965323095417,0.1135760781791042,0.32639653230954285,7.945259202997429,-0.1747407970025705,5.279050612459453
122.40849050701152,-49.311228257665086,809.6709477887932,483.422950245831,10.340030339667832,10.316749396117936,9.840057729179186,0.0232809435498957,0.4766916669387502,-0.03671905645010394,10.130749396117936,2.0107493961179372,2.1548414031762335
122.80941221925752,-49.19157637198319,372.9007473057928,490.1123368449228,15.79188896960865,15.694061183280182,15.291916359120004,0.0978277863284677,0.4021448241601781,0.03782778632846681,15.508061183280182,7.388061183280183,0.644394561486206
122.50070416326557,-49.29035712320772,713.6148924004905,493.86066661754114,14.525468134942784,14.645744578840118,14.025495524454138,-0.1202764438973336,0.6202490543859795,-0.180276443897332,14.459744578840118,6.3397445788401185,0.7351647503851327
122.83470882648248,-49.19088503387209,349.81792384676965,500.00806733824913,14.888662508538369,15.152081042782187,14.38868989804972,-0.2634185342438186,0.7633911447324682,-0.323418534243819,14.966081042782188,6.846081042782188,0.6917644820472411
122.19045571774429,-49.39660907266689,1059.939523895251,508.75279436724855,10.613762424168856,10.605414740144544,10.11378981368021,0.0083476840243115,0.4916249264643344,-0.05165231597568961,10.419414740144544,2.2994147401445453,1.9502926299277275
122.69017701556676,-49.239431718950826,510.9146481938136,504.67417383044545,14.86570132859332,15.153213495660092,14.365728718104672,-0.2875121670667724,0.7874847775554201,-0.3475121670667724,14.967213495660092,6.8472134956600925,0.6916674146577064
122.62391748442022,-49.26948764076656,589.8146349936329,517.619085867277,16.22143808226546,15.799770848739,15.721465471776812,0.4216672335264615,0.0783053769621879,0.3616672335264631,15.613770848739,7.4937708487390005,0.6349981467787555
122.8577418942027,-49.208018202321945,340.47925444552254,533.3394354316142,10.018048153680292,9.719860596704224,9.518075543191646,0.2981875569760674,0.2017850535125784,0.23818755697606553,9.533860596704224,1.4138605967042253,2.6432049663329065
122.48322898415309,-49.325049198728905,751.8121531949326,534.0427563264986,8.713121236931517,8.384970038448838,8.21314862644287,0.3281511984826792,0.1718214120059684,0.26815119848268054,8.198970038448838,0.07897003844883876,4.794693562961308
122.63138287575237,-49.27884301361989,589.2502304453207,533.6221695591644,10.642830015945025,10.775253600218532,10.142857405456375,-0.1324235842735071,0.6323961947621566,-0.19242358427350806,10.589253600218532,2.469253600218533,1.8653731998907337
122.1891877655532,-49.41292812505176,1071.6001465373242,530.6486171502088,15.359383939453377,14.939249267543484,14.859411328964727,0.4201346719098922,0.0798379385787573,0.3601346719098927,14.753249267543485,6.633249267543485,0.7100072056391299
122.24500414852214,-49.399136195952984,1012.7991578504664,535.1592048915121,12.194204232973169,12.40889774527907,11.694231622484525,-0.2146935123059012,0.7146661227945454,-0.2746935123059029,12.22289774527907,4.102897745279071,1.3112322364404063
122.37720993969096,-49.36571837520921,872.9944742622563,544.9962504438133,10.027470293482718,9.835530094414237,9.527497682994072,0.1919401990684814,0.3080324114201644,0.13194019906848245,9.649530094414237,1.5295300944142376,2.548566286388351
122.83693773426742,-49.220915849034945,367.55301669054313,542.0773529016969,11.532128162739092,11.804195953203951,11.032155552250448,-0.2720677904648596,0.7720404009535038,-0.3320677904648593,11.618195953203951,3.498195953203952,1.4892897881768996
122.20726127292308,-49.41558512306584,1057.1588182653447,541.8925744988534,12.348976023017352,12.532236451157091,11.849003412528706,-0.1832604281397394,0.6832330386283854,-0.24326042813974005,12.346236451157091,4.226236451157092,1.257271552618772
122.53450280896244,-49.31492447296476,699.3882533430939,541.903977470776,15.471845550363362,15.150707714277138,14.971872939874716,0.3211378360862245,0.1788347744024214,0.26113783608622515,14.964707714277138,6.844707714277138,0.6918821959191025
122.5565181857854,-49.32031252078766,683.2242634290905,558.6411140519348,10.167409417392204,10.271000941237784,9.66743680690356,-0.10359152384558,0.6035641343342242,-0.1635915238455789,10.085000941237784,1.9650009412377845,2.1922719571690856
122.19419586368552,-49.42903357700191,1077.5148167298653,554.8864952165111,14.389205995959172,14.652206728855434,13.88923338547053,-0.2630007328962627,0.7629733433849051,-0.32300073289626396,14.466206728855434,6.346206728855435,0.7346108518123913
123.09996472656545,-49.14997917452681,85.68581873758919,558.1993979964503,12.89902723224903,13.084848298955642,12.399054621760383,-0.1858210667066124,0.6857936771952584,-0.2458210667066131,12.898848298955642,4.7788482989556424,1.0171465421018158
122.6278241641601,-49.29939881742356,605.8585456191913,560.283974640292,14.652192728526536,14.801158198613257,14.152220118037889,-0.1489654700867202,0.648938080575368,-0.20896547008671892,14.615158198613257,6.495158198613257,0.7218435829760066
122.534456187867,-49.33233582049746,710.7735280342598,565.7644341831082,12.608170761599332,12.831670565897534,12.108198151110685,-0.2234998042982017,0.7234724147868494,-0.28349980429820254,12.645670565897534,4.525670565897535,1.1262691274198287
122.64971439554382,-49.30590330263689,590.5513500811207,578.5186958266935,10.09866644960376,10.00844309251371,9.598693839115114,0.0902233570900499,0.409749253398596,0.030223357090047823,9.82244309251371,1.702443092513711,2.4070920152160546
122.98438377912504,-49.19848343213128,221.01857872403087,574.6941153196794,13.920847805633276,14.141177973742677,13.42087519514463,-0.2203301681094007,0.7203027785980467,-0.28033016810940203,13.955177973742677,5.835177973742677,0.7784133165363419
122.69424180635444,-49.2920006994306,541.6803972914195,578.4401168506507,10.741428834181338,10.836218761493363,10.241456223692692,-0.0947899273120249,0.5947625378006709,-0.1547899273120243,10.650218761493363,2.530218761493364,1.834890619253318
122.45967442484472,-49.36445505985012,798.4888995374529,578.132344417852,12.95028108033013,12.97605633363595,12.450308469841485,-0.0257752533058202,0.5257478637944661,-0.08577525330582036,12.79005633363595,4.6700563336359515,1.0631003540342714
122.55629517709032,-49.34574614462958,700.0057798043697,593.4249130346491,10.866356349482103,11.023806515863551,10.36638373899346,-0.157450166381448,0.6574227768700922,-0.2174501663814474,10.837806515863551,2.7178065158635523,1.741096742068224
122.43449373784792,-49.38170234734614,832.1913246022108,591.1463285665899,15.818776384167236,15.477583217549862,15.318803773678592,0.3411931666173746,0.1587794438712695,0.2811931666173737,15.291583217549862,7.171583217549863,0.6636370473289012
123.18254202534963,-49.15590861335851,15.8424896977454,602.0046187119902,12.452763260233546,12.74167221605075,11.9527906497449,-0.2889089558172042,0.7888815663058502,-0.34890895581720505,12.55567221605075,4.435672216050751,1.1656434054777964
123.09751252423716,-49.18718953740995,112.5081807551717,608.0033609669325,12.946012207926149,13.14616748195581,12.4460395974375,-0.2001552740296617,0.7001278845183112,-0.26015527402966043,12.96016748195581,4.840167481955811,0.9951873054423632
122.54852615818562,-49.37422357980186,725.5102761999792,629.1819184360816,11.45951115383495,11.646448876731192,10.959538543346303,-0.1869377228962427,0.6869103333848887,-0.24693772289624502,11.460448876731192,3.340448876731193,1.524344694059735
122.9422468009084,-49.27376595083139,308.293969070542,659.5725618600271,15.52034447924396,15.47024049353677,15.020371868755314,0.0501039857071905,0.4498686247814554,-0.009896014292811069,15.28424049353677,7.16424049353677,0.6642897339078426
122.39850524059904,-49.45052441553992,909.0193828852912,670.4034919298379,10.637582966156389,10.80038188495426,10.13761035566774,-0.162798918797872,0.6627715292865215,-0.22279891879787247,10.61438188495426,2.4943818849542616,1.8528090575228693
