x,y,B_johnson,V_johnson,R_Johnson,BV,VR
149.4,5.4,14.159118498490052,14.924556275178414,14.159118498490052,-0.765437776688362,0.765437776688362
678.6,6.6,13.414889708301748,13.977730626261604,13.414889708301748,-0.5628409179598552,0.5628409179598552
798.0,8.0,12.465189251109166,13.111904626138784,12.465189251109166,-0.6467153750296184,0.6467153750296184
1050.2,9.3,12.574612788750116,13.363499785117064,12.574612788750116,-0.7888869963669478,0.7888869963669478
1069.9,16.6,11.653717849038443,12.09252702432702,11.653717849038443,-0.43880917528857744,0.43880917528857744
1046.0,21.7,13.211323559904988,13.42493383863269,13.211323559904988,-0.21361027872770144,0.21361027872770144
222.1,19.2,15.719092664348466,15.59181230015772,15.719092664348466,0.12728036419074584,-0.12728036419074584
377.1,20.6,16.569332032504384,16.491572779761345,16.569332032504384,0.0777592527430393,-0.0777592527430393
197.8,26.9,11.738154540861954,12.319767905685596,11.738154540861954,-0.5816133648236423,0.5816133648236423
417.7,24.4,14.894020193416129,15.531963783173156,14.894020193416129,-0.6379435897570271,0.6379435897570271
725.3,30.8,11.09000908959034,11.695944011595136,11.09000908959034,-0.6059349220047956,0.6059349220047956
255.6,29.9,15.057709463903963,15.839048379011787,15.057709463903963,-0.781338915107824,0.781338915107824
452.4,33.9,14.200934596060923,14.796994156103256,14.200934596060923,-0.5960595600423328,0.5960595600423328
392.1,41.0,13.91148773443975,14.87787468851776,13.91148773443975,-0.9663869540780112,0.9663869540780112
678.2,42.0,13.340737446235533,14.013504475116992,13.340737446235533,-0.6727670288814593,0.6727670288814593
988.4,42.1,13.555580228551165,14.2400141854214,13.555580228551165,-0.6844339568702349,0.6844339568702349
883.0,48.4,13.93973287808809,14.378302817845416,13.93973287808809,-0.4385699397573255,0.4385699397573255
611.0,51.4,14.816725229052825,16.08422699073051,14.816725229052825,-1.2675017616776856,1.2675017616776856
1032.9,58.5,10.248788303415433,10.895577497971228,10.248788303415433,-0.6467891945557955,0.6467891945557955
861.3,61.8,12.066764155710729,12.41529741780198,12.066764155710729,-0.34853326209125157,0.34853326209125157
223.0,61.4,12.472521583281958,13.195318284970703,12.472521583281958,-0.7227967016887451,0.7227967016887451
361.8,66.4,14.44148396098215,15.29906337368981,14.44148396098215,-0.8575794127076595,0.8575794127076595
612.1,66.6,14.992491284128596,16.266415023782784,14.992491284128596,-1.2739237396541885,1.2739237396541885
609.4,83.5,12.501280968943195,12.864618044079965,12.501280968943195,-0.36333707513676927,0.36333707513676927
509.4,84.8,13.555269653765436,14.594176352954785,13.555269653765436,-1.038906699189349,1.038906699189349
560.1,90.5,10.222433396703185,10.440138295945571,10.222433396703185,-0.21770489924238667,0.21770489924238667
275.2,85.5,13.9716290494068,14.554396762175957,13.9716290494068,-0.5827677127691562,0.5827677127691562
527.6,87.3,15.994214446106174,18.225895395904452,15.994214446106174,-2.231680949798278,2.231680949798278
1072.5,91.2,11.602847575679208,12.255104062402074,11.602847575679208,-0.652256486722866,0.652256486722866
128.0,92.8,12.61259788298566,13.420496578382377,12.61259788298566,-0.807898695396716,0.807898695396716
206.7,94.6,13.602206058646814,14.196273386199932,13.602206058646814,-0.5940673275531179,0.5940673275531179
741.6,106.4,10.799172434688,11.136867150116052,10.799172434688,-0.33769471542805185,0.33769471542805185
627.9,108.3,12.668772580667236,13.053545655999118,12.668772580667236,-0.3847730753318821,0.3847730753318821
584.5,118.3,8.75773380546341,9.195844824719176,8.75773380546341,-0.438111019255766,0.438111019255766
927.1,109.9,14.176778520031805,14.813668092244113,14.176778520031805,-0.6368895722123078,0.6368895722123078
569.2,116.2,14.868784692484162,15.18597049735173,14.868784692484162,-0.3171858048675684,0.3171858048675684
326.1,118.8,14.063364604637338,14.695296044546948,14.063364604637338,-0.6319314399096108,0.6319314399096108
495.8,118.5,11.886782718884543,12.081089324800802,11.886782718884543,-0.1943066059162586,0.1943066059162586
607.6,121.3,13.388611564912257,14.002278827953974,13.388611564912257,-0.6136672630417177,0.6136672630417177
474.6,127.7,13.048178712106536,13.409165013830064,13.048178712106536,-0.3609863017235284,0.3609863017235284
594.7,130.9,14.102670118851,14.89338185337075,14.102670118851,-0.7907117345197499,0.7907117345197499
444.5,147.7,11.61149268825713,11.872912309342231,11.61149268825713,-0.26141962108510164,0.26141962108510164
329.0,147.7,17.040026816421115,16.620000162221036,17.040026816421115,0.420026654200079,-0.420026654200079
84.9,149.8,15.279595553718858,15.108086322740307,15.279595553718858,0.17150923097855042,-0.17150923097855042
834.0,153.2,13.911800343141644,14.193338491463935,13.911800343141644,-0.28153814832229074,0.28153814832229074
231.8,153.6,14.87846920942815,15.763258212638274,14.87846920942815,-0.8847890032101233,0.8847890032101233
910.9,164.8,9.83785259928531,10.48289758527819,9.83785259928531,-0.6450449859928806,0.6450449859928806
246.0,164.5,14.213162887736685,14.802876462203203,14.213162887736685,-0.5897135744665185,0.5897135744665185
595.9,166.5,14.37417109584883,14.98196570556461,14.37417109584883,-0.6077946097157803,0.6077946097157803
212.9,173.6,13.453470881369327,13.958487254273994,13.453470881369327,-0.5050163729046666,0.5050163729046666
130.9,193.2,13.24884070361158,13.911063041185256,13.24884070361158,-0.6622223375736773,0.6622223375736773
917.0,197.1,12.367008982876524,13.07666760331224,12.367008982876524,-0.7096586204357163,0.7096586204357163
198.1,200.5,13.75057239190694,14.13917092528132,13.75057239190694,-0.38859853337437933,0.38859853337437933
420.0,201.1,13.50501782880263,13.938907584287232,13.50501782880263,-0.43388975548460174,0.43388975548460174
927.5,200.7,13.782679831622229,14.284396414505215,13.782679831622229,-0.5017165828829864,0.5017165828829864
486.7,214.8,8.88517780747867,9.027771347910958,8.88517780747867,-0.1425935404322889,0.1425935404322889
750.4,211.6,11.539006149893073,11.913979763617904,11.539006149893073,-0.3749736137248316,0.3749736137248316
693.3,213.8,14.477957278277264,15.010941394190942,14.477957278277264,-0.5329841159136777,0.5329841159136777
727.6,216.0,12.903983990812518,13.481868453345434,12.903983990812518,-0.577884462532916,0.577884462532916
234.2,219.0,15.943148359832437,15.20183345235077,15.943148359832437,0.7413149074816658,-0.7413149074816658
943.7,225.0,10.525763717538648,11.133808063140094,10.525763717538648,-0.6080443456014457,0.6080443456014457
654.2,239.5,12.070341176985451,12.473060959125965,12.070341176985451,-0.4027197821405135,0.4027197821405135
743.5,239.2,14.482713929596624,15.036702057385616,14.482713929596624,-0.5539881277889922,0.5539881277889922
940.9,248.4,11.923501951126893,12.600598168014828,11.923501951126893,-0.6770962168879358,0.6770962168879358
530.7,255.5,11.794957099038296,12.230847920691884,11.794957099038296,-0.4358908216535884,0.4358908216535884
572.9,256.2,13.340860495269194,14.07710788568638,13.340860495269194,-0.7362473904171853,0.7362473904171853
480.7,258.2,12.899855217223426,13.514006573616635,12.899855217223426,-0.6141513563932097,0.6141513563932097
343.8,260.8,13.740757814513929,14.223157258517686,13.740757814513929,-0.48239944400375734,0.48239944400375734
418.9,265.3,12.942110969366444,13.395753988483596,12.942110969366444,-0.4536430191171519,0.4536430191171519
468.7,269.5,12.561287179918708,12.9892201320026,12.561287179918708,-0.4279329520838928,0.4279329520838928
651.3,274.2,12.606071537025858,12.965700304190667,12.606071537025858,-0.35962876716480885,0.35962876716480885
976.6,277.7,11.895204344238172,12.196615286932577,11.895204344238172,-0.30141094269440494,0.30141094269440494
530.1,282.6,11.225403875487666,11.632848383546133,11.225403875487666,-0.4074445080584663,0.4074445080584663
316.1,287.9,10.869571563817312,11.403214479591108,10.869571563817312,-0.5336429157737967,0.5336429157737967
725.3,291.3,13.697855702388104,14.249559243913057,13.697855702388104,-0.5517035415249527,0.5517035415249527
671.1,295.5,10.32353542350192,10.618376900733065,10.32353542350192,-0.2948414772311452,0.2948414772311452
781.4,307.6,8.631007384712811,8.752267725898722,8.631007384712811,-0.121260341185911,0.121260341185911
283.6,305.0,12.3509897142158,13.228876263483716,12.3509897142158,-0.8778865492679166,0.8778865492679166
136.1,307.1,13.762702065702026,14.389079600969833,13.762702065702026,-0.6263775352678067,0.6263775352678067
193.0,307.4,14.670267031480208,15.231900948951392,14.670267031480208,-0.561633917471184,0.561633917471184
236.9,326.4,13.782071865076638,14.136763029002148,13.782071865076638,-0.35469116392551037,0.35469116392551037
325.5,325.7,14.645218370596616,15.029709018813234,14.645218370596616,-0.3844906482166177,0.3844906482166177
624.8,330.1,12.873087551721676,13.263235696639514,12.873087551721676,-0.39014814491783767,0.39014814491783767
146.9,332.7,12.334603865897783,13.107773518901372,12.334603865897783,-0.7731696530035883,0.7731696530035883
407.9,329.6,13.948980303598692,14.758478225626328,13.948980303598692,-0.8094979220276368,0.8094979220276368
417.7,338.7,9.626800042320172,9.893853188156,9.626800042320172,-0.2670531458358276,0.2670531458358276
222.9,337.2,12.148762372381196,12.684152067459769,12.148762372381196,-0.5353896950785728,0.5353896950785728
962.2,344.1,10.646380665333703,11.022671877082718,10.646380665333703,-0.3762912117490149,0.3762912117490149
315.8,345.1,11.064423937409329,11.881620148930342,11.064423937409329,-0.8171962115210132,0.8171962115210132
56.7,344.6,12.629449661530693,12.967530726935133,12.629449661530693,-0.33808106540443994,0.33808106540443994
286.1,346.4,12.418988040413792,12.920205314780707,12.418988040413792,-0.5012172743669154,0.5012172743669154
485.0,346.7,12.48621368647783,12.853144758502896,12.48621368647783,-0.36693107202506603,0.36693107202506603
739.6,345.8,16.621995572392418,16.506992265958523,16.621995572392418,0.11500330643389489,-0.11500330643389489
974.9,348.9,13.459134831186056,14.0847843107012,13.459134831186056,-0.625649479515145,0.625649479515145
489.7,355.0,11.692455279816585,12.119076958746714,11.692455279816585,-0.4266216789301289,0.4266216789301289
127.9,355.7,12.74057817997131,13.06258397077723,12.74057817997131,-0.3220057908059193,0.3220057908059193
928.5,354.8,12.155934488036644,12.812964067328544,12.155934488036644,-0.6570295792918994,0.6570295792918994
914.0,363.9,10.96014675100143,11.222294136894938,10.96014675100143,-0.26214738589350794,0.26214738589350794
489.9,364.6,13.502404312281728,14.155512125874582,13.502404312281728,-0.6531078135928539,0.6531078135928539
59.0,367.5,13.500030870659248,14.18881611996341,13.500030870659248,-0.6887852493041624,0.6887852493041624
808.4,370.7,10.375888864792076,10.659188312101572,10.375888864792076,-0.28329944730949563,0.28329944730949563
303.8,376.1,11.211574887484735,11.758995473478722,11.211574887484735,-0.5474205859939865,0.5474205859939865
870.8,396.2,10.569378281212416,11.150454047885114,10.569378281212416,-0.5810757666726989,0.5810757666726989
628.6,390.2,12.725948496259203,13.22978471140915,12.725948496259203,-0.5038362151499474,0.5038362151499474
139.1,392.3,13.193810068229588,13.717291327584183,13.193810068229588,-0.523481259354595,0.523481259354595
186.5,395.4,13.602167308971056,14.28148267771198,13.602167308971056,-0.679315368740923,0.679315368740923
904.3,401.8,14.120515162409763,14.940087283494522,14.120515162409763,-0.8195721210847591,0.8195721210847591
621.8,416.2,11.877735984883262,12.325971000098123,11.877735984883262,-0.44823501521486087,0.44823501521486087
771.1,426.7,11.91252521510912,12.576931241943372,11.91252521510912,-0.6644060268342518,0.6644060268342518
326.4,432.4,12.638958071027025,12.93281190739348,12.638958071027025,-0.29385383636645557,0.29385383636645557
11.9,431.3,13.304907411058048,13.611438346280586,13.304907411058048,-0.30653093522253805,0.30653093522253805
153.7,435.3,15.009507759675678,15.066424962328073,15.009507759675678,-0.05691720265239475,0.05691720265239475
886.0,438.5,15.02403329020868,16.093953847013893,15.02403329020868,-1.0699205568052133,1.0699205568052133
780.1,443.3,13.738672041992317,14.319333575221096,13.738672041992317,-0.5806615332287794,0.5806615332287794
13.0,444.8,13.417403033529164,13.888369291686114,13.417403033529164,-0.4709662581569507,0.4709662581569507
974.1,447.1,13.557853462926442,14.31162384605315,13.557853462926442,-0.7537703831267084,0.7537703831267084
518.6,448.1,13.6675509624969,14.45132795728926,13.6675509624969,-0.7837769947923601,0.7837769947923601
154.3,451.9,13.68572209185766,14.208536880723678,13.68572209185766,-0.5228147888660182,0.5228147888660182
466.8,453.7,12.675313934066294,13.229833896986282,12.675313934066294,-0.5545199629199882,0.5545199629199882
524.4,460.0,13.570445556808316,14.217757957284425,13.570445556808316,-0.6473124004761086,0.6473124004761086
23.5,464.3,13.033722322833174,13.254672218062437,13.033722322833174,-0.22094989522926234,0.22094989522926234
372.9,470.3,13.504485777921916,14.04155821600215,13.504485777921916,-0.5370724380802336,0.5370724380802336
504.6,476.6,12.716826295167758,13.367407345168331,12.716826295167758,-0.6505810500005733,0.6505810500005733
337.3,486.3,13.508390542674844,13.882591381621303,13.508390542674844,-0.37420083894645906,0.37420083894645906
841.2,486.3,13.226547779298446,13.86576874598726,13.226547779298446,-0.6392209666888142,0.6392209666888142
1053.6,487.8,12.63398586958365,13.335921041445294,12.63398586958365,-0.7019351718616438,0.7019351718616438
178.1,487.9,14.282610166865563,14.92865249663476,14.282610166865563,-0.6460423297691964,0.6460423297691964
329.1,491.8,13.48983938064531,14.04802503234217,13.48983938064531,-0.55818565169686,0.55818565169686
326.0,497.2,13.321985839075143,13.913299991591591,13.321985839075143,-0.591314152516448,0.591314152516448
566.4,499.1,13.71217737275476,14.450164523286563,13.71217737275476,-0.7379871505318043,0.7379871505318043
1060.0,508.8,10.113785535490692,10.41689518693588,10.113785535490692,-0.30310965144518853,0.30310965144518853
653.6,508.6,11.594613126679905,12.261549193271318,11.594613126679905,-0.666936066591413,0.666936066591413
1015.1,512.7,10.76348566232922,11.226921103099922,10.76348566232922,-0.4634354407707022,0.4634354407707022
859.7,517.4,10.370064423170083,10.697050696903808,10.370064423170083,-0.32698627373372524,0.32698627373372524
145.2,523.8,12.052891697499508,12.5121509493718,12.052891697499508,-0.4592592518722931,0.4592592518722931
264.2,522.9,13.181209570326049,13.74739002650819,13.181209570326049,-0.566180456182142,0.566180456182142
308.3,526.0,11.39172419226094,11.76434720899594,11.39172419226094,-0.372623016735,0.372623016735
359.8,526.8,13.22147754538537,13.64923544324582,13.22147754538537,-0.4277578978604488,0.4277578978604488
589.3,533.6,10.142865861537643,10.484551749190585,10.142865861537643,-0.3416858876529414,0.3416858876529414
226.4,536.0,17.92908766739099,17.586783543864712,17.92908766739099,0.34230412352627937,-0.34230412352627937
835.1,537.8,12.48676091547842,13.17909843808516,12.48676091547842,-0.6923375226067403,0.6923375226067403
873.0,545.0,9.52750256231621,9.722280758981778,9.52750256231621,-0.19477819666556861,0.19477819666556861
271.1,540.2,13.448308672501508,14.129626996967362,13.448308672501508,-0.6813183244658543,0.6813183244658543
1057.2,541.9,11.848941102335877,12.234928243211524,11.848941102335877,-0.3859871408756472,0.3859871408756472
257.8,556.6,12.927596232056173,13.518023511828448,12.927596232056173,-0.5904272797722747,0.5904272797722747
236.9,560.8,12.431010056376811,12.94026565005299,12.431010056376811,-0.509255593676178,0.509255593676178
265.3,560.2,12.34029559051812,12.773965394830649,12.34029559051812,-0.4336698043125278,0.4336698043125278
605.9,560.2,14.153857976132045,14.31603377153329,14.153857976132045,-0.16217579540124483,0.16217579540124483
212.8,568.2,12.401756643518915,12.940028903110138,12.401756643518915,-0.5382722595912224,0.5382722595912224
569.0,572.7,10.74099066145291,11.309739878586056,10.74099066145291,-0.5687492171331456,0.5687492171331456
673.6,568.2,13.949133114932865,14.735084370916848,13.949133114932865,-0.7859512559839832,0.7859512559839832
95.4,583.4,12.343767881860826,13.060933415232872,12.343767881860826,-0.7171655333720466,0.7171655333720466
266.7,582.0,14.747790052993416,15.482738811998464,14.747790052993416,-0.7349487590050483,0.7349487590050483
390.4,587.2,13.755811757656428,14.47650704147471,13.755811757656428,-0.7206952838182819,0.7206952838182819
717.5,589.3,11.731618976400808,12.22222019007087,11.731618976400808,-0.49060121367006104,0.49060121367006104
1038.7,594.8,13.513237145804723,13.993841849938478,13.513237145804723,-0.48060470413375533,0.48060470413375533
215.3,595.3,15.364036790740393,15.535694936361962,15.364036790740393,-0.1716581456215689,0.1716581456215689
747.4,597.4,12.712546544060014,13.185141874661795,12.712546544060014,-0.4725953306017807,0.4725953306017807
41.8,602.1,12.726581143873831,13.431424452781195,12.726581143873831,-0.704843308907364,0.704843308907364
786.9,606.4,12.515678683919976,13.033593158036854,12.515678683919976,-0.5179144741168784,0.5179144741168784
991.9,619.1,12.061598531080444,12.762662649793318,12.061598531080444,-0.7010641187128748,0.7010641187128748
75.1,642.8,12.913192614703297,13.379320801284935,12.913192614703297,-0.46612818658163846,0.46612818658163846
400.1,643.1,13.55519717537696,14.00353976902673,13.55519717537696,-0.4483425936497696,0.4483425936497696
639.8,642.9,14.320362388380117,15.136091087161155,14.320362388380117,-0.8157286987810384,0.8157286987810384
928.0,647.9,12.85209595300408,13.426559017751863,12.85209595300408,-0.5744630647477837,0.5744630647477837
262.5,651.3,13.321861530711011,13.836665643269678,13.321861530711011,-0.5148041125586662,0.5148041125586662
507.8,652.4,13.502304506923736,14.045165982196528,13.502304506923736,-0.542861475272792,0.542861475272792
525.2,665.4,14.989640607334458,16.151862891748088,14.989640607334458,-1.1622222844136303,1.1622222844136303
946.3,672.1,11.983230477299932,12.597477901368878,11.983230477299932,-0.614247424068946,0.614247424068946
781.5,672.6,12.72736365713389,13.241643157694936,12.72736365713389,-0.5142795005610452,0.5142795005610452
229.4,676.3,15.62865911482919,14.994444468387558,15.62865911482919,0.6342146464416327,-0.6342146464416327
959.0,678.2,18.125953668219875,15.649221711390782,18.125953668219875,2.4767319568290933,-2.4767319568290933
683.1,684.4,13.344098747032838,13.770087846970029,13.344098747032838,-0.4259890999371905,0.4259890999371905
388.8,687.3,13.141622354034851,13.881705865286714,13.141622354034851,-0.7400835112518624,0.7400835112518624
181.9,687.3,14.398057031313927,15.385115638870998,14.398057031313927,-0.9870586075570706,0.9870586075570706
192.8,691.6,13.97111727105638,14.464910682768332,13.97111727105638,-0.4937934117119518,0.4937934117119518
996.6,691.6,13.766263738754112,14.404203684741388,13.766263738754112,-0.6379399459872754,0.6379399459872754
624.1,697.2,12.691128621840424,13.415859035340988,12.691128621840424,-0.7247304135005646,0.7247304135005646
