ra,dec,x_v,y_v,B_mag,V_mag,R_mag,B-V,V-R
122.8836970859146,-48.81190096391898,57.02698333466314,2.3089374348514284,13.607291312550489,13.932803490634406,13.107318702061844,-0.3255121780839172,0.8254847885725614
122.72767482246839,-48.86011012797628,229.2695589355336,1.0254573551247228,10.103855036910996,9.815909328006436,9.603882426422349,0.2879457089045605,0.2120269015840872
122.6983439166534,-48.869032458989714,261.5422361392467,0.6344195712605811,13.801779034872334,13.93622154246052,13.301806424383688,-0.13444250758818654,0.6344151180768325
122.55024423582763,-48.91526379408348,425.18905759200993,0.484664798433205,14.340301886333856,14.394119699677518,13.84032927584521,-0.053817813343661314,0.5537904238323073
122.53361405565465,-48.92056214365014,443.6264781548598,0.6363054979456847,14.484324722762771,14.444182482952575,13.984352112274124,0.040142239810196045,0.45983037067845167
122.21780023245951,-49.01923884875619,792.1892170661542,1.6847462839322158,13.656669482051043,14.002668922405816,13.156696871562398,-0.34599944035477215,0.8459720508434181
122.41133971702455,-48.96126551107666,580.2676497174692,4.284373366902248,15.38954020579915,15.331465832504623,14.889567595310504,0.05807437329452725,0.4418982371941187
121.971242868111,-49.105702610540035,1069.9325633868075,16.57249572459093,12.153611811215704,12.406772864896642,11.653639200727058,-0.25316105368093744,0.7531336641695834
122.64886192943209,-48.89416403245857,322.546081631952,13.820717219946117,13.404091818771462,13.600811008331137,12.904119208282818,-0.1967191895596745,0.6966918000483187
122.7752753790215,-48.85692921438497,184.27588874670215,17.16423708732491,13.170138165555066,13.381871539783065,12.67016555506642,-0.21173337422799854,0.7117059847166445
122.85788828759391,-48.836530979313885,96.4494515992239,24.87067667298412,11.680288333473976,11.74861686076224,11.180315722985329,-0.06832852728826388,0.5683011377769116
122.21037032665248,-49.03638588078347,809.9266676874572,22.102026437758283,16.146099562832962,16.2363843836135,15.646126952344316,-0.09028482078053912,0.5902574312691851
122.6646367279245,-48.899016306831754,311.4909405974934,27.242612098746537,13.70407643425604,13.994563797553296,13.204103823767396,-0.290487363297256,0.7904599737859002
122.09247908114227,-49.08126655564435,945.0172994678306,33.9897830508773,13.605508702973005,14.05404323152417,13.10553609248436,-0.44853452855116593,0.9485071390398101
122.85542898927277,-48.844672109699935,104.00426510150128,34.95353650621989,13.997612619937662,14.457566673207712,13.497640009449016,-0.45995405327004946,0.9599266637586954
122.26529727329132,-49.03075955461317,756.8021804036695,37.640666659260965,13.635208331458816,14.112219268760343,13.135235720970169,-0.477010937301527,0.9769835477901747
122.42237719707867,-48.987484332002566,587.299347490883,44.97319125526318,14.672785801809932,15.016469087714617,14.172813191321286,-0.3436832859046852,0.8436558963933312
122.15499162777174,-49.072600535588904,883.126620486596,48.45876772543338,14.44006768316406,14.939630702426472,13.940095072675415,-0.4995630192624123,0.9995356297510565
122.81964562919215,-48.86754159862811,151.23681663816066,50.82302373910761,15.263338169032789,15.74631522154179,14.763365558544145,-0.4829770525090016,0.9829496629976457
122.37044925194952,-49.00872733641493,647.8334529903728,52.03145592083731,15.186778132129058,15.64380612215284,14.686805521640412,-0.45702799002378214,0.9570006005124281
122.29769344211117,-49.03209193029949,728.474068127431,53.210869060678895,14.340238327131027,14.658426146749076,13.84026571664238,-0.3181878196180481,0.8181604301066958
122.46265393789152,-48.983707634963565,548.5662216896277,56.957328178647984,12.97879581640871,13.255492445091765,12.478823205920062,-0.2766966286830552,0.7766692391717029
122.50608214922956,-48.97361275203586,502.8956789331087,61.63950719186827,11.824243048235832,11.754697675118065,11.324270437747186,0.06954537311776754,0.4304272373708784
122.70986208384022,-48.91385039651909,280.4250207784887,66.99466877306286,10.877343045881224,10.562115334231258,10.377370435392578,0.31522771164996577,0.18474489883868017
122.18062372291406,-49.07444496946429,861.2229958962115,61.825186080388576,12.566685501538783,12.571183634311652,12.06671289105014,-0.004498132772868146,0.5044707432615123
122.52783216167839,-48.972017651983336,482.26927473664614,68.74154485551999,14.481157109325736,14.802049447956966,13.98118449883709,-0.32089233863123034,0.8208649491198763
122.61897068286652,-48.94769400541982,384.36242639140727,74.38037027957736,12.509282741946452,12.937115781770274,12.009310131457806,-0.42783303982382215,0.9278056503124681
122.05994128967164,-49.119950733669995,999.1417596092084,73.48258133186548,14.459185745140804,14.625058313502947,13.959213134652156,-0.16587256836214337,0.6658451788507911
122.14896285392989,-49.09739680863686,904.4972050415568,80.00009978979567,13.633614225839391,13.994263514359467,13.133641615350744,-0.36064928852007583,0.8606218990087235
122.41887203673313,-49.01661720110851,609.3288664223302,83.4654177585358,13.001572863035712,13.239515163585212,12.501600252547066,-0.23794230054950027,0.7379149110381462
122.46643827452334,-49.00692761016382,560.2196449939015,90.4320191753597,10.722374364505663,10.541436016922065,10.22240175401702,0.1809383475835986,0.31903426290504555
122.09275639709574,-49.12170983836913,970.7224364534644,89.72340538768205,15.886275872754196,15.85042088875966,15.386303262265551,0.03585498399453613,0.46411762649410804
122.01660989847011,-49.156002835459375,1061.2581186185705,104.84942345690872,10.631560538414169,10.59367839345993,10.131587927925525,0.037882144954238584,0.4620904655344056
122.82481933032723,-48.90339847848495,170.07218627384455,102.14997903621042,12.258471698748636,12.490452399238164,11.75849908825999,-0.2319807004895278,0.7319533109781737
122.30846534797634,-49.067500414273766,741.6372855752984,106.41241793394018,11.299188248789306,11.372883088791472,10.799215638300662,-0.07369484000216531,0.5736674504908095
122.85879514544004,-48.89523654936924,134.13557457392125,105.62676684451414,13.474426652324912,13.971730540043351,12.974454041836266,-0.4973038877184397,0.9972764982070856
122.67643219092682,-48.95699903693436,338.6964131681644,111.76802707656722,9.837635423632095,9.56061029147152,9.337662813143451,0.2770251321605759,0.22294747832806827
122.4353658267002,-49.02679708669172,601.0766852317394,104.45920806478568,14.728022973574426,15.199445100616956,14.228050363085782,-0.47142212704252984,0.971394737531174
122.10770341373804,-49.128803114910106,961.8211207789956,105.77632074988544,14.779423736044734,15.176636109915806,14.279451125556088,-0.39721237387107244,0.8971849843597184
122.41269139471943,-49.036610393131625,627.8449266263327,108.27630279040476,13.168308883814756,13.483968882776326,12.66833627332611,-0.3156599989615696,0.8156326094502155
122.45643869602601,-49.03035132785298,584.4151967865134,118.31177870111824,9.257707846181042,9.746839461215313,8.757735235692396,-0.48913161503427105,0.989104225522917
122.53534809852411,-49.01224604586547,501.64988811593986,127.12876284873762,9.790806295036122,9.610407620112875,9.290833684547476,0.18039867492324646,0.3195739355653995
122.6909553042434,-48.957738774979816,326.10850020487186,119.01279135362095,14.559814590114826,14.57951639472621,14.05984197962618,-0.019701804611385043,0.519674415100031
122.51592211187075,-49.01850689355268,523.198703432548,127.42394905626615,12.266033520650527,12.517814776419891,11.766060910161883,-0.25178125576936417,0.7517538662580083
122.298601710436,-49.083612689630804,760.9197064943158,124.35965326190836,14.327356951611012,14.533870233797254,13.827384341122368,-0.20651328218624165,0.7064858926748858
122.28371445561318,-49.08760931120754,776.8960264480181,123.54025344169416,15.632740075930103,16.057305474661767,15.13276746544146,-0.424565398731664,0.9245380092203064
122.26157179792104,-49.1002067970581,804.9485550024219,131.46765341969382,11.51671862763398,11.715810446719438,11.016746017145334,-0.19909181908545825,0.6990644295741042
122.56023830188687,-49.005009401489524,474.5471716179897,127.83626362974826,13.548367106793629,13.680542582234525,13.04839449630498,-0.1321754754408957,0.6321480859295452
122.38487730976034,-49.05940916766393,667.639529605748,127.74374847914744,14.87965762992848,14.970298411264194,14.379685019439831,-0.09064078133571307,0.5906133918243626
122.02330720943674,-49.174603205672334,1067.1468705343243,133.2535845089833,13.701622855030813,13.822639134264316,13.201650244542163,-0.121016279233503,0.6209888897221525
122.17829295021748,-49.13034354001278,899.2908796058822,137.67116792968727,16.14068592855657,15.48082302449317,15.640713318067927,0.6598629040634023,-0.15989029357475815
122.44991300002434,-49.050165644501035,603.1386432040069,142.72226524794826,15.434014976095453,15.38096683319033,14.934042365606809,0.05304814290512283,0.44692446758352133
122.59609351457463,-49.00831979016589,444.44446572582245,147.70385273836152,12.11140143132465,11.998711758330929,11.611428820836004,0.11268967299372079,0.38728293749492515
122.387583311393,-49.07400269139103,674.6531591976313,148.92725044132774,14.19673581977558,14.519110176926516,13.696763209286935,-0.3223743571509363,0.8223469676395805
122.24466295115711,-49.12124239043602,833.726652908386,153.21228045905588,14.41003189808448,14.67025148388649,13.910059287595836,-0.26021958580201066,0.7601921962906548
122.07592716912653,-49.17637708527946,1020.9519513908834,157.81810337004634,13.247501636067907,13.241295501531278,12.74752902557926,0.006206134536629548,0.49376647595201817
122.73479341616753,-48.97373696202831,297.1227347079786,159.75126493739137,14.3914560362762,14.71982560411377,13.891483425787555,-0.3283695678375711,0.8283421783262153
122.8984114711954,-48.92694062998467,119.3036551212979,166.11725344104434,13.5671035888332,13.792540886479149,13.067130978344554,-0.22543729764594822,0.7254099081345942
122.78308511474208,-48.96198539573429,246.0024526379544,164.40892591381058,14.717176057105672,14.93205782471692,14.217203446617026,-0.21488176761124755,0.7148543780998935
122.46701349060024,-49.062319721862636,595.6439101715629,166.68150879607714,14.872901025252316,15.108064172307488,14.372928414763669,-0.2351631470551716,0.7351357575438193
122.81709816479795,-48.95802807031299,212.82373258745557,173.62466518044394,13.952239418334711,14.08130158967322,13.452266807846067,-0.12906217133850895,0.6290347818271531
122.64301426845185,-49.013694032382084,405.75020251748856,175.14932999951924,11.87431444320675,12.039912102979429,11.374341832718104,-0.16559765977267915,0.6655702702613251
122.74559547905804,-48.9827292885092,293.2901759899287,176.70894462029332,13.88698856460816,14.384033194198643,13.387015954119516,-0.49704462959048357,0.9970172400791277
122.49192528171528,-49.062369094160715,573.2763813166397,177.36145508844172,13.886721055701727,14.180189640190797,13.386748445213083,-0.29346858448906943,0.7934411949777136
122.37307774786373,-49.10450957022404,707.4469506356564,184.64695466446264,10.1380996810892,10.025244124362125,9.638127070600554,0.11285555672707481,0.38711705376157113
122.6068255126056,-49.031295453559956,449.7613483710087,183.7932804095308,11.923934576809623,12.180346885560477,11.423961966320975,-0.2564123087508534,0.7563849192395011
122.31693258474586,-49.11802393497248,766.6624915509038,179.38969045595735,16.113816726713026,16.146384504667104,15.613844116224378,-0.03256777795407828,0.532540388442726
122.2338832970771,-49.14392601049779,858.0463473242183,179.82079365448476,14.96110218526862,15.16548009182153,14.461129574779973,-0.2043779065529101,0.7043505170415578
122.75777217221233,-48.98770665621572,285.5994235921737,188.7573079643823,15.197475453871505,15.25709302537484,14.697502843382855,-0.05961757150333469,0.5595901819919842
122.97517145420002,-48.92318757706971,47.81916448336224,194.1444815542048,14.244628610880106,14.51637716013729,13.744656000391458,-0.2717485492571843,0.771721159745832
122.49421005005735,-49.07465782904237,579.2044408041046,195.19379017428915,13.445087940371996,13.806605324551162,12.945115329883349,-0.3615173841791659,0.8614899946678136
122.33287646259967,-49.1268544636081,758.0390365082715,198.2740319436234,15.122847208022277,15.216899196179694,14.622874597533633,-0.09405198815741755,0.5940245986460617
122.17935604792305,-49.17579746595614,927.59362941497,200.5945807434263,14.278717435403342,14.65434022018328,13.778744824914696,-0.3756227847799387,0.8755953952685847
122.84218279831386,-48.97003056688093,198.14326346457463,200.85822494912944,14.249997734707822,14.516560932028977,13.750025124219174,-0.26656319732115463,0.7665358078098023
122.641466003972,-49.03319710440732,419.8635533175636,201.21896677239116,14.00896316487561,14.192797513854172,13.508990554386962,-0.18383434897856255,0.6838069594672103
122.26462350204686,-49.15416784856031,837.0228521885228,206.88923965660507,12.702633919545756,13.070214604404658,12.20266130905711,-0.3675806848589023,0.8675532953475482
122.7557537471312,-49.00247678358102,297.07954199407834,208.1215965531278,13.1844733673414,13.660810288662388,12.684500756852756,-0.47633692132098737,0.9763095318096315
122.58670752378995,-49.06020713239259,486.6784268897172,214.83434669469105,9.385140956167286,9.115402987482556,8.88516834567864,0.2697379686847299,0.23023464180391606
122.34556779557795,-49.13265392749388,750.3846284118065,211.61784656465449,12.03897128299838,12.26317585303949,11.538998672509733,-0.22420457004110972,0.7241771805297574
122.45899677314195,-49.09909218289183,626.7151930084727,213.72596464699456,14.443574373490456,14.513922341002123,13.94360176300181,-0.07034796751166716,0.5703205780003131
122.68881004950899,-49.02832156545997,374.1346896458244,214.81182635359744,13.35454525724182,13.498854296590826,12.854572646753176,-0.14430903934900563,0.6442816498376498
122.36810614637663,-49.12882380375249,727.654402031139,215.91792853205985,13.404352527176286,13.852526246259549,12.90437991668764,-0.44817371908326287,0.9481463295719088
122.87559831294031,-48.978130518050705,173.43197379118087,226.341297567534,13.08848589674336,13.318674997802956,12.588513286254711,-0.23018910105959556,0.730161711548245
122.4216002524422,-49.12065927351617,674.304229000452,227.42262823961116,14.199954602881895,14.285311001562096,13.699981992393251,-0.08535639868020084,0.585329009168845
122.05378540591151,-49.23395764796605,1077.8021543850582,227.7062508941613,14.5987570144492,15.071674365955026,14.098784403960554,-0.47291735150582603,0.972889961994472
122.83621825940688,-48.99450732785699,219.5595481000662,231.80073045478517,15.617461167838597,15.278002406689,15.117488557349953,0.33945876114959717,0.160513849339047
122.44510377309,-49.12213366956522,654.1480928343572,239.43532294058025,12.570231068032124,12.852844244912845,12.07025845754348,-0.2826131768807212,0.7825857873693653
122.21426593073483,-49.19252733431438,907.006052829222,238.3173054770624,14.115624070679,14.46732299591183,13.615651460190351,-0.35169892523282975,0.8516715357214792
122.49399013885784,-49.10847414839861,601.3710734692552,241.4920732679725,13.684629353826924,13.896513307213766,13.184656743338277,-0.21188395338684174,0.7118565638754895
122.20306003778254,-49.19957041599041,921.6097402848084,243.26721758911097,16.043418940430286,16.262925025303858,15.54344632994164,-0.21950608487357215,0.7194786953622181
122.9793494410383,-48.96449517185129,71.26879307973968,252.45700479421325,14.7438229628218,15.219049313546035,14.243850352333151,-0.4752263507242347,0.9751989612128842
122.09567458046887,-49.24164686500076,1045.1168980539762,255.88379313838135,13.509565385987743,13.9232448493648,13.009592775499096,-0.41367946337705597,0.9136520738657037
122.28950635320444,-49.18362891378901,833.694751156985,257.88269010032144,15.022915536650434,15.506325348042816,14.52294292616179,-0.4834098113923826,0.9833824218810268
122.83857496527173,-49.01404869149196,230.26318482974972,259.5684365265018,13.09607066856656,13.437045604245183,12.596098058077914,-0.3409749356786236,0.8409475461672695
122.72994293571941,-49.0523399115333,352.88940142869166,265.3509622388436,14.235842867993078,14.573942941526564,13.735870257504432,-0.3381000735334858,0.8380726840221318
122.88072942640507,-49.007284079288794,187.9720662065249,268.4557190758824,12.826209517708614,13.223136672811746,12.326236907219968,-0.3969271551031319,0.8968997655917779
122.62665776864465,-49.08754498654834,468.61565776070336,269.3825558745844,13.061466442044235,13.400352719470607,12.561493831555593,-0.3388862774263721,0.8388588879150145
122.34864305478355,-49.17958270280992,777.9875945949731,277.3581159358916,8.65197581402318,8.476449033131995,8.152003203534534,0.17552678089118423,0.3244458295974617
122.4625836475489,-49.14193408139538,651.3036839875696,274.03701666103706,13.10688196601878,13.335574277994915,12.606909355530131,-0.22869231197613615,0.7286649224647839
122.58757610913986,-49.10338895653481,514.0293310280982,274.41255900146854,13.955748852291856,14.325780329088516,13.455776241803209,-0.37003147679665993,0.8700040872853076
122.39298207969318,-49.164725857680345,728.5660920184381,275.75778876751497,13.272151805748049,13.659511717772537,12.7721791952594,-0.38735991202448794,0.8873325225131374
122.16763997109564,-49.23549811293573,976.5538683600904,277.7145362346506,12.395097442290052,12.34889739019419,11.895124831801407,0.046200052095860755,0.4537725583927834
122.93426692537201,-48.99777272296523,133.65508095959578,278.51817328966837,12.746214986299895,13.174454493493409,12.24624237581125,-0.42823950719351345,0.9282121176821594
122.21338111232177,-49.22952388888145,931.6504523355992,288.78357185828133,9.157974444925356,8.863025403605096,8.65800183443671,0.29494904132026,0.20502356916838593
122.5764820991262,-49.11283732920828,530.1430144381166,282.633764634447,11.72552474710132,11.941179362938255,11.225552136612675,-0.2156546158369359,0.7156272263255801
122.45383415449623,-49.160288508104635,671.0725881855684,295.50353103049514,10.82348137773116,10.884428414747466,10.323508767242512,-0.06094703701630699,0.5609196475049547
122.62750170234673,-49.109847982464494,482.40688092553296,300.31578159836937,9.533954674884855,9.305391104670786,9.03398206439621,0.22856357021406914,0.2714090402745768
122.35848952542437,-49.19858387817067,781.4510888000403,307.6181531924387,9.130994041345588,8.776161388821203,8.631021430856944,0.3548326525243848,0.14513995796425938
122.32008496979093,-49.2018792148194,818.0428948368885,295.88431998733745,15.44669351063282,15.80117747147012,14.946720900144172,-0.3544839608373014,0.8544565713259491
122.64614155927015,-49.10056758966444,459.62438593204064,295.5604022101736,14.686057213501652,15.019926741986426,14.186084603013006,-0.33386952848477414,0.8338421389734201
122.40283380905669,-49.193954894524715,738.6706260490943,320.0579911647228,8.946760526608784,8.626229299580386,8.446787916120138,0.32053122702839865,0.1794413834602473
122.49014598988154,-49.16313061345901,640.338362141574,314.8390057175397,13.30511385666468,13.632771065168724,12.805141246176031,-0.32765720850404456,0.8276298189926923
122.46542013424636,-49.185874149931294,677.2928333336271,335.53347335415276,8.829613300657353,8.56681097329843,8.329640690168707,0.26280232735892284,0.2371702831297231
122.65758765934604,-49.11733060483148,460.298844220713,323.4281794740162,13.8428181923919,14.188072462709542,13.342845581903251,-0.34525427031764266,0.8452268808062904
122.86174151773149,-49.05571177084276,236.82164883263627,326.56978096649635,14.281490787384117,14.337509722680986,13.781518176895467,-0.05601893529686919,0.5559915457855187
122.78132105248834,-49.08059463202324,325.28106990904473,326.08950738663555,15.063489944746593,15.109192831768365,14.563517334257948,-0.04570288702177194,0.5456754975104161
122.62231398598726,-49.133909475690956,502.7580509633147,331.0838134159102,13.346557446912918,13.4672512991208,12.846584836424272,-0.1206938522078822,0.6206664626965281
122.7029865556255,-49.11429684635696,417.59872666044646,338.6882304368386,10.12677508379678,10.172997656251876,9.626802473308134,-0.046222572455096866,0.5461951829437428
122.84377591409145,-49.073775579559445,264.7955421432949,343.5731906112436,13.00279328539139,13.043703024777084,12.502820674902743,-0.040909739385694976,0.5408823498743409
122.44862755678349,-49.19287512456452,696.898252896257,338.00810762813063,14.533591833163904,14.77531026745129,14.03361922267526,-0.24171843428738704,0.7416910447760312
122.20935634269821,-49.27110167247084,962.0696244443426,344.22258612698334,11.14652087449486,11.282931248637285,10.646548264006212,-0.13641037414242518,0.6363829846310729
123.0328181407453,-49.014887242923514,56.50997341241897,344.4891647008352,13.130343938608616,13.202074378904454,12.630371328119969,-0.07173044029583764,0.5717030507844854
122.82573123726719,-49.08149315520226,286.0417336375774,346.38579668375814,12.919257213096389,13.313746232605126,12.419284602607744,-0.3944890195087378,0.894461629997382
122.64516509370182,-49.138204436129236,485.0688870591673,346.7293532066073,12.995342015845784,13.085724400523755,12.495369405357138,-0.09038238467797122,0.5903549951666172
122.42990468080801,-49.20590610654483,722.144713467136,347.94414451582134,12.781188208832104,12.845729347920589,12.281215598343458,-0.06454113908848491,0.5645137495771309
122.41331624059647,-49.20939528045512,739.2820208358552,345.6964762727968,17.12305252377696,16.309830140709597,16.623079913288315,0.8132223830673624,-0.3132497725787182
122.48308343493412,-49.18922199785682,663.6290432432227,347.63207288256757,14.047209772723054,14.24862172493213,13.547237162234408,-0.20141195220907626,0.7013845626977222
122.65500127331929,-49.13797525191611,476.0998355971457,350.61723273904965,13.615828162670542,13.8983571112491,13.115855552181898,-0.28252894857855715,0.7825015590672013
122.97320391151361,-49.041896885473655,127.77583607465982,355.68369229400207,13.24094588422755,13.386148015074156,12.740973273738904,-0.14520213084660583,0.6451747413352518
122.75031683201003,-49.11228763024657,373.84490301311087,356.20361317773785,13.102672841474416,13.472429271137672,12.60270023098577,-0.3697564296632567,0.8697290401519027
122.48674825904996,-49.195930926143305,664.7036964619056,358.39381953727667,12.942123558174607,13.422542875809045,12.44215094768596,-0.48041931763443735,0.9803919281230851
122.26182247636591,-49.269321791409716,913.8841746591612,363.9004547328644,11.4600914523828,11.355156792764957,10.960118841894154,0.1049346596178431,0.39503795087080285
122.36112707953546,-49.243672396586426,808.2846304182513,370.6401130057829,10.875955789338716,10.872127372031033,10.375983178850069,0.0038284173076839068,0.4961441931809638
122.66922205737397,-49.146494288893344,468.9159666127973,368.36894603124944,15.039083740145404,15.42103093642267,14.539111129656758,-0.3819471962772649,0.8819198067659109
122.49471956071854,-49.20310822037587,662.2242191051076,371.6279960698483,14.612847717348895,14.953675886855477,14.112875106860251,-0.34082816950658135,0.8408007799952255
122.95657999364134,-49.060282835213755,154.79089068602408,373.6661873174109,15.65141011843266,15.394263790352296,15.151437507944015,0.2571463280803634,0.24282628240828075
122.70166106626694,-49.1524529878623,443.7396317040215,390.40129772562864,13.553936545051878,13.96547015593776,13.053963934563232,-0.4115336108858827,0.9115062213745286
122.9789388538894,-49.06693349681843,139.13523947344882,392.40583882311034,13.695829585297764,14.050648642093693,13.195856974809118,-0.35481905679592884,0.8547916672845748
122.91335441095,-49.087870211038116,211.68954874319925,392.7920048723336,14.563594144354228,14.943466736592644,14.06362153386558,-0.3798725922384154,0.8798452027270631
122.20593381107446,-49.30848834839285,989.2475908686756,394.1584891387006,16.296526366031316,15.83816196846968,15.79655375554267,0.4583643975616347,0.04160821292701122
122.71076256632541,-49.152460522264555,435.5895532173088,394.30416976307595,14.018174327744052,14.492233472765234,13.518201717255408,-0.4740591450211813,0.9740317555098255
122.73583796630561,-49.15008685982374,411.5703518475405,401.7814238854185,12.424669422454311,12.507448773390824,11.924696811965669,-0.08277935093651223,0.5827519614251546
122.13043888026816,-49.33630513672422,1074.804230647856,400.64678681601566,14.054395412969312,14.399896803080624,13.554422802480666,-0.34550139011131265,0.8454740005999586
122.58782041451073,-49.196247229183996,574.3325605317748,401.8350092229892,13.531110030900956,13.900033902132366,13.031137420412309,-0.36892387123140935,0.8688964817200571
123.00480389788419,-49.07289713986352,119.89469223378018,411.7217648696248,11.71851737639424,12.206897386346313,11.218544765905593,-0.4883800099520723,0.98835262044072
122.8112380161564,-49.128834439857314,330.0937633134499,404.98441245869105,15.75289428270958,15.436936554095158,15.252921672220936,0.3159577286144213,0.18401488187422288
122.55086797718971,-49.21822703875224,621.7561627687286,416.2417887027141,12.377771936698508,12.68882665636722,11.877799326209864,-0.31105471966871256,0.8110273301573567
122.4161724851208,-49.25826170181832,768.4235355526978,413.9772660917769,15.20891949752737,15.483445633633934,14.708946887038724,-0.27452613610656407,0.77449874659521
122.29058302120077,-49.30036757899623,908.1777663877178,418.6832054413042,13.00768831316401,13.30464197022352,12.507715702675364,-0.29695365705950927,0.7969262675481552
122.33824157896852,-49.28549920283417,855.8750499791684,418.39135433371126,15.17356814149456,15.05802554624382,14.673595531005912,0.11554259525073896,0.38443001523790876
122.52525417354651,-49.23836329035582,657.805448120185,432.96635125922234,9.966896041830848,9.672707038259496,9.4669234313422,0.29418900357135236,0.20578360691729536
123.11137155222109,-49.0535699416085,11.677715499405974,431.3547001478153,13.802044800083202,13.893069393854493,13.302072189594556,-0.0910245937712908,0.5909972042599367
122.63427579210774,-49.20326001235521,537.3005728657017,431.25152199557976,14.116191417395932,14.603421153819342,13.616218806907284,-0.4872297364234104,0.9872023469120581
122.98463349458338,-49.09634998542014,153.42735868507512,435.0994797216696,15.498930831760635,15.993508568406003,14.998958221271993,-0.4945777366453683,0.9945503471340107
122.93607381968066,-49.1167364592322,210.34056138168563,442.0701284124473,14.056493961804918,14.27089162752781,13.55652135131627,-0.21439766572289187,0.7143702762115396
122.55370876002354,-49.235987134734074,630.781633649021,441.8062853615465,13.44150376309131,13.757245451332649,12.941531152602664,-0.31574168824133864,0.8157142987299846
122.70770610800848,-49.19064925900449,463.3127614369978,445.3197924700951,11.64288613463626,11.83189146500661,11.142913524147614,-0.1890053303703496,0.6889779408589956
123.11616821883193,-49.06185883992342,12.8679300951581,444.7600680475479,13.90778557986768,14.266554404560257,13.407812969379034,-0.35876882469257687,0.8587414351812228
122.52311833072825,-49.24926296801593,666.8126967120094,447.00885885106914,14.72718973323467,15.176169397707287,14.227217122746026,-0.44897966447261695,0.9489522749612611
122.64722695346754,-49.21645595053766,534.3239749443264,454.8624555047436,14.319586027994449,14.369922649524923,13.8196134175058,-0.0503366215304748,0.5503092320191243
122.86441342297863,-49.15019272683107,296.50211526347937,457.0478605780209,14.295862245036068,14.40593165524716,13.795889634547422,-0.11006941021109284,0.6100420206997388
123.1151615251747,-49.076429534111995,23.412745381524378,464.23922779565294,13.535281088364153,13.563369423812128,13.035308477875503,-0.02808833544797551,0.528060945936625
122.97758395639988,-49.11904005008084,174.69932843899852,463.09823952324894,15.707909587680357,15.529194585537056,15.20793697719171,0.17871500214330105,0.3212576083453449
122.62002845749501,-49.23110628873695,568.2344080722854,463.3487732905273,14.09664698220789,14.418516591460174,13.596674371719244,-0.3218696092522837,0.8218422197409296
122.82587456355164,-49.1692071503364,343.486126786166,466.54075946568696,13.126794791317396,13.42544619756218,12.62682218082875,-0.2986514062447849,0.7986240167334309
122.67881082229346,-49.2147710124747,504.9546290969026,466.03010200938866,13.863633116984683,14.311654810235884,13.363660506496036,-0.4480216932512011,0.9479943037398488
122.53269613722911,-49.27661226577024,676.0486791227652,488.5900416675969,8.51765573530697,8.131259202997429,8.017683124818324,0.38639653230954174,0.1135760781791042
122.86062754607977,-49.16646275567668,310.5836486636589,477.69363452827827,12.88813495977707,13.29324350425284,12.388162349288423,-0.4051085444757714,0.9050811549644173
122.40849050701152,-49.311228257665086,809.6709477887932,483.422950245831,10.340030339667832,10.316749396117936,9.840057729179186,0.02328094354989574,0.4766916669387502
122.83996525744466,-49.179040361385596,337.335305622543,486.0462362632265,14.005897225646349,14.367405743688574,13.5059246151577,-0.36150851804222484,0.8614811285308743
122.9855122238149,-49.134478226358354,177.78544220817227,487.63149439570617,14.783864283543648,15.141683961419636,14.283891673055,-0.35781967787598745,0.8577922883646352
122.80941221925751,-49.19157637198319,372.9007473057928,490.1123368449228,15.79188896960865,15.694061183280182,15.291916359120004,0.09782778632846778,0.40214482416017816
122.65800841619148,-49.239528836931356,539.7523163513085,491.08343520773656,13.247696312293304,13.710753095601094,12.747723701804656,-0.4630567833077901,0.9630293937964378
122.50070416326557,-49.29035712320772,713.6148924004905,493.86066661754114,14.525468134942784,14.645744578840118,14.025495524454138,-0.12027644389733361,0.6202490543859795
122.83470882648248,-49.19088503387209,349.81792384676965,500.00806733824913,14.888662508538369,15.152081042782187,14.38868989804972,-0.26341853424381867,0.7633911447324682
123.04208663327537,-49.127220930693206,122.38430088614754,502.09918012822703,13.710503764311015,14.184783322211224,13.210531153822371,-0.4742795579002088,0.974252168388853
122.19045571774429,-49.39660907266689,1059.939523895251,508.75279436724855,10.613762424168856,10.605414740144544,10.11378981368021,0.008347684024311519,0.4916249264643344
122.69017701556677,-49.239431718950826,510.9146481938136,504.67417383044545,14.86570132859332,15.153213495660092,14.365728718104672,-0.2875121670667724,0.7874847775554201
122.23326994500898,-49.38636731056558,1015.0418612111516,512.6786002476447,11.26348941813356,11.579073573811655,10.763516807644914,-0.3155841556780956,0.8155567661667416
122.62391748442022,-49.26948764076656,589.8146349936329,517.619085867277,16.22143808226546,15.799770848739,15.721465471776812,0.4216672335264615,0.07830537696218798
123.03090079409036,-49.14659527218811,145.1865383862936,523.7668216448832,12.552544241515104,12.980023561224815,12.052571631026458,-0.4274793197097111,0.927451930198357
122.8577418942027,-49.208018202321945,340.47925444552254,533.3394354316142,10.018048153680292,9.719860596704224,9.518075543191646,0.29818755697606747,0.20178505351257847
122.48322898415307,-49.325049198728905,751.8121531949326,534.0427563264986,8.713121236931517,8.384970038448838,8.21314862644287,0.32815119848267926,0.17182141200596845
122.83729752840385,-49.209665723916316,359.8400712863242,526.8296133304208,13.722670773897544,14.028292284700184,13.222698163408896,-0.30562151080263966,0.8055941212912874
122.39398668979617,-49.34875278961273,846.9919921278525,528.79579098222,12.983482539941418,13.44982342487919,12.483509929452772,-0.4663408849377717,0.9663134954264176
122.63138287575237,-49.27884301361989,589.2502304453207,533.6221695591644,10.642830015945025,10.775253600218532,10.142857405456375,-0.1324235842735071,0.6323961947621566
122.18918776555319,-49.41292812505176,1071.6001465373242,530.6486171502088,15.359383939453377,14.939249267543484,14.859411328964727,0.4201346719098922,0.07983793857875732
122.24500414852214,-49.399136195952984,1012.7991578504664,535.1592048915121,12.194204232973169,12.40889774527907,11.694231622484525,-0.21469351230590128,0.7146661227945454
122.37720993969096,-49.36571837520921,872.9944742622563,544.9962504438133,10.027470293482718,9.835530094414237,9.527497682994072,0.19194019906848148,0.30803241142016446
122.83693773426742,-49.220915849034945,367.55301669054313,542.0773529016969,11.532128162739092,11.804195953203951,11.032155552250448,-0.2720677904648596,0.7720404009535038
122.45124381471598,-49.33879981292362,789.3445417652807,539.3594675257287,15.059243176185625,15.483834043628477,14.55927056569698,-0.424590867442852,0.9245634779314962
122.20726127292308,-49.41558512306584,1057.1588182653447,541.8925744988534,12.348976023017352,12.532236451157091,11.849003412528706,-0.18326042813973942,0.6832330386283854
122.53450280896243,-49.31492447296476,699.3882533430939,541.903977470776,15.471845550363362,15.150707714277138,14.971872939874716,0.3211378360862245,0.17883477440242146
122.55651818578541,-49.32031252078766,683.2242634290905,558.6411140519348,10.167409417392204,10.271000941237784,9.66743680690356,-0.10359152384558001,0.6035641343342242
122.19419586368552,-49.42903357700191,1077.5148167298653,554.8864952165111,14.389205995959172,14.652206728855434,13.88923338547053,-0.2630007328962627,0.7629733433849051
123.09996472656543,-49.14997917452681,85.68581873758919,558.1993979964503,12.89902723224903,13.084848298955642,12.399054621760383,-0.18582106670661247,0.6857936771952584
122.96396444381239,-49.19469971020214,236.767871095289,560.7339739515708,12.93106038449363,13.422747508534728,12.431087774004986,-0.49168712404109804,0.9916597345297422
122.6278241641601,-49.29939881742356,605.8585456191913,560.283974640292,14.652192728526536,14.801158198613257,14.152220118037889,-0.14896547008672023,0.648938080575368
122.534456187867,-49.33233582049746,710.7735280342598,565.7644341831082,12.608170761599332,12.831670565897534,12.108198151110685,-0.2234998042982017,0.7234724147868494
122.89068196819034,-49.227078509728784,323.57715894701585,573.557692116559,11.829643064399926,12.14365936559787,11.32967045391128,-0.31401630119794355,0.8139889116865895
122.33903429148559,-49.398267753950684,928.208426134788,573.573577583176,14.014089799887705,14.34765365598174,13.51411718939906,-0.3335638560940346,0.8335364665826788
122.64971439554382,-49.30590330263689,590.5513500811207,578.5186958266935,10.09866644960376,10.00844309251371,9.598693839115114,0.09022335709004992,0.409749253398596
122.98438377912504,-49.198483432131276,221.01857872403087,574.6941153196794,13.920847805633276,14.141177973742677,13.42087519514463,-0.22033016810940076,0.7203027785980467
122.69424180635443,-49.2920006994306,541.6803972914195,578.4401168506507,10.741428834181338,10.836218761493363,10.241456223692692,-0.09478992731202496,0.5947625378006709
122.45967442484472,-49.36445505985012,798.4888995374529,578.132344417852,12.95028108033013,12.97605633363595,12.450308469841485,-0.0257752533058202,0.5257478637944661
122.53862543050114,-49.34822298734223,717.401529516228,589.3230390514822,12.231629956862644,12.576044934934558,11.731657346373998,-0.3444149780719137,0.8443875885605596
122.55629517709033,-49.34574614462958,700.0057798043697,593.4249130346491,10.866356349482103,11.023806515863551,10.36638373899346,-0.15745016638144804,0.6574227768700922
122.43449373784793,-49.38170234734614,832.1913246022108,591.1463285665899,15.818776384167236,15.477583217549862,15.318803773678592,0.34119316661737464,0.15877944387126952
123.02736253183451,-49.19864899107832,182.73531057056607,593.4237646710145,14.880457817046604,15.362324971879085,14.380485206557957,-0.48186715483248044,0.9818397653211282
122.91953899558624,-49.23442250258688,302.6356416651467,595.9924992939413,17.6345277720796,17.004475810269543,17.134555161590953,0.6300519618100573,-0.13007935132140958
122.51485797602945,-49.36155838190652,747.3158961320937,597.5342395881557,13.210244343235658,13.52092906771536,12.710271732747012,-0.3106847244797013,0.8106573349683472
123.18254202534965,-49.15590861335851,15.8424896977454,602.0046187119902,12.452763260233546,12.74167221605075,11.9527906497449,-0.2889089558172042,0.7888815663058502
122.89513668857686,-49.24875863301325,333.8681294803303,605.1397965667081,13.27908680430484,13.668903928586262,12.779114193816191,-0.38981712428142323,0.889789734770071
123.09751252423716,-49.18718953740995,112.5081807551717,608.0033609669325,12.946012207926149,13.14616748195581,12.4460395974375,-0.2001552740296617,0.7001278845183112
122.98090108528167,-49.226652059036695,242.7165544688079,611.7264353162665,13.937820824630087,14.345545406565686,13.43784821414144,-0.40772458193559835,0.9076971924242461
123.06709503945405,-49.21078617359134,155.2812106530803,627.1404412689371,13.664473358440643,14.151480372738012,13.164500747951998,-0.4870070142973688,0.9869796247860148
122.54852615818562,-49.37422357980186,725.5102761999792,629.1819184360816,11.45951115383495,11.646448876731192,10.959538543346303,-0.18693772289624278,0.6869103333848887
122.98036266641718,-49.25580795781899,262.4386049697039,651.3762649202897,13.818907733251676,14.277897675433442,13.31893512276303,-0.45898994218176625,0.9589625526704122
122.68834015683979,-49.35207713097228,586.2750154530801,658.2446154581806,12.904100748301856,13.277568538910124,12.40412813781321,-0.3734677906082684,0.8734404010969143
122.58325369175289,-49.38407723040723,700.9487625688747,657.4293523114492,15.215024839556042,15.698459617017068,14.715052229067396,-0.48343477746102614,0.9834073879496721
122.94224680090839,-49.27376595083139,308.293969070542,659.5725618600271,15.52034447924396,15.47024049353677,15.020371868755314,0.050103985707190546,0.4498686247814554
122.95523137255681,-49.2730181261903,296.21653314522405,664.123600462766,13.800544280125308,14.200893279971616,13.300571669636664,-0.4003489998463081,0.9003216103349523
122.39850524059904,-49.45052441553992,909.0193828852912,670.4034919298379,10.637582966156389,10.80038188495426,10.13761035566774,-0.162798918797872,0.6627715292865215
122.57489290719819,-49.39719239940148,716.9673318605447,671.8645060027967,13.866017162359086,14.211571759046404,13.36604455187044,-0.34555459668731814,0.8455272071759641
122.61126778835133,-49.39492875112633,683.0473887532909,684.2007908300923,13.85038127618203,14.19892428952558,13.350408665693385,-0.34854301334354965,0.8485156238321956
122.44562107464074,-49.4519963209795,867.9573892219177,692.3149347711845,15.066468703768647,15.381935739238363,14.566496093280003,-0.315467035469716,0.8154396459583602
